YEAR,MONTH,DAY,HOUR,Temperature at 2 meters (C),Specific Humidity at 2 meters (g/kg),Precipitation corrected (mm/hour),Surface pressure (kPa),Wind speed at 10 meters (m/s),Wind direction at 10 meters (Degrees)
2021,1,1,0,19.85,12.63,0.01,100.71,2.74,10.35
2021,1,1,1,19.57,12.57,0.01,100.65,2.57,6.82
2021,1,1,2,19.3,12.45,0.02,100.59,2.51,3.39
2021,1,1,3,19.05,12.39,0.01,100.56,2.47,1.63
2021,1,1,4,18.99,12.51,0.01,100.59,2.22,357.78
2021,1,1,5,19.05,12.63,0.01,100.65,1.99,352.09
2021,1,1,6,19.5,12.88,0.01,100.74,1.86,346.43
2021,1,1,7,20.76,12.76,0.15,100.8,2.59,344.24
2021,1,1,8,22.63,13.18,0.06,100.85,2.88,6.86
2021,1,1,9,24.56,13.61,0.04,100.84,2.99,24.89
2021,1,1,10,25.94,14.16,0.03,100.79,3.15,34.28
2021,1,1,11,26.68,14.53,0.02,100.72,3.35,35.32
2021,1,1,12,26.8,14.71,0.05,100.62,3.44,28.78
2021,1,1,13,26.69,14.89,0,100.52,3.62,18.24
2021,1,1,14,26.45,15.01,0,100.46,3.81,9.33
2021,1,1,15,25.86,15.32,0,100.46,3.61,3.85
2021,1,1,16,24.87,15.87,0,100.5,2.79,0.8
2021,1,1,17,23.65,16.05,0,100.57,2.25,358.01
2021,1,1,18,23.04,15.62,0,100.63,2.57,355.99
2021,1,1,19,22.56,15.2,0,100.69,2.85,358.11
2021,1,1,20,22.05,14.71,0,100.73,2.83,5.71
2021,1,1,21,21.51,14.22,0,100.74,2.75,13.96
2021,1,1,22,20.85,13.67,0,100.71,2.84,15.3
2021,1,1,23,20.26,13.06,0,100.67,2.98,11.96
2021,1,2,0,19.7,12.63,0,100.63,2.95,6.99
2021,1,2,1,19.27,12.33,0,100.59,2.92,4.6
2021,1,2,2,19.01,12.15,0,100.56,2.78,0
2021,1,2,3,18.8,12.02,0,100.54,2.67,349.71
2021,1,2,4,18.5,11.96,0,100.55,2.73,338.5
2021,1,2,5,18.24,11.84,0,100.57,2.93,330.63
2021,1,2,6,18.51,11.84,0,100.64,3.44,326.67
2021,1,2,7,20.13,12.27,0,100.72,3.74,325.05
2021,1,2,8,22.33,12.76,0,100.8,3.26,338.17
2021,1,2,9,24.01,13.24,0,100.82,2.54,350.8
2021,1,2,10,25.07,13.79,0,100.78,2.23,0.8
2021,1,2,11,25.74,14.28,0,100.69,2.3,3.89
2021,1,2,12,26.26,14.71,0,100.58,2.45,5.31
2021,1,2,13,26.48,15.08,0,100.48,2.51,5.71
2021,1,2,14,26.4,15.32,0,100.44,2.52,3.2
2021,1,2,15,26.09,15.69,0,100.44,2.41,356.47
2021,1,2,16,25.51,16.24,0,100.47,2.04,346.71
2021,1,2,17,24.12,16.66,0,100.54,1.76,337.07
2021,1,2,18,23.31,16.36,0,100.6,1.94,331.57
2021,1,2,19,22.88,16.05,0,100.64,2.14,334.93
2021,1,2,20,22.55,15.87,0,100.64,2.22,340.67
2021,1,2,21,22.24,15.69,0,100.64,2.26,353.46
2021,1,2,22,21.87,15.26,0,100.63,2.49,14.34
2021,1,2,23,21.46,14.83,0,100.6,2.56,20.76
2021,1,3,0,21.03,14.4,0,100.56,2.49,20.03
2021,1,3,1,20.62,14.04,0,100.5,2.39,16.36
2021,1,3,2,20.26,13.67,0,100.45,2.28,11.85
2021,1,3,3,20,13.43,0,100.43,2.15,8.16
2021,1,3,4,19.9,13.24,0,100.46,1.84,359.03
2021,1,3,5,19.8,13.12,0,100.52,1.64,341.91
2021,1,3,6,20.19,13.37,0,100.59,1.77,325.61
2021,1,3,7,21.87,13.31,0,100.68,2.03,329.49
2021,1,3,8,24.63,13.98,0,100.72,1.21,22.08
2021,1,3,9,26.65,14.83,0,100.7,1.15,57.5
2021,1,3,10,28.01,15.69,0,100.64,1.27,56.5
2021,1,3,11,29.04,16.42,0,100.55,1.41,46.79
2021,1,3,12,29.82,16.97,0,100.43,1.41,34.84
2021,1,3,13,30.29,17.33,0,100.34,1.39,22.82
2021,1,3,14,30.37,17.52,0,100.29,1.41,11.19
2021,1,3,15,30.08,17.64,0,100.3,1.37,358.36
2021,1,3,16,29.46,18.25,0,100.34,1.13,344.33
2021,1,3,17,27.77,18.62,0,100.42,0.91,326.85
2021,1,3,18,26.62,18.13,0,100.49,0.98,310.16
2021,1,3,19,25.92,17.94,0,100.57,1.13,323.45
2021,1,3,20,25.35,17.76,0,100.61,1.27,341.34
2021,1,3,21,24.8,17.58,0,100.62,1.44,354.38
2021,1,3,22,24.34,17.27,0,100.61,1.69,9.03
2021,1,3,23,23.87,16.85,0,100.57,1.83,17.12
2021,1,4,0,23.3,16.42,0,100.51,1.89,15.36
2021,1,4,1,22.69,15.99,0,100.45,1.99,9.94
2021,1,4,2,22.11,15.56,0,100.41,2.07,3.47
2021,1,4,3,21.54,15.14,0,100.41,2.13,358.74
2021,1,4,4,21.1,14.77,0,100.44,2.07,351.32
2021,1,4,5,20.79,14.53,0,100.5,2.05,344.96
2021,1,4,6,21.05,14.4,0,100.6,2.3,342.37
2021,1,4,7,22.22,14.47,0,100.68,2.89,338.63
2021,1,4,8,24.81,15.08,0,100.75,2.04,9.68
2021,1,4,9,27.01,15.81,0,100.73,2.22,52.73
2021,1,4,10,28.37,16.54,0,100.66,2.51,64.95
2021,1,4,11,29.37,17.15,0,100.55,2.72,70
2021,1,4,12,30.02,17.64,0.01,100.44,2.68,73.04
2021,1,4,13,30.33,17.94,0.01,100.33,2.62,77.79
2021,1,4,14,30.17,18.19,0.02,100.27,2.55,86.84
2021,1,4,15,29.67,18.86,0.01,100.27,2.35,97.27
2021,1,4,16,28.38,18.92,0.01,100.32,2.37,104.13
2021,1,4,17,26.9,19.65,0,100.4,1.81,109.37
2021,1,4,18,26.24,19.23,0.01,100.48,1.71,106.45
2021,1,4,19,26.08,18.62,0.65,100.56,1.39,104.66
2021,1,4,20,26.04,18.01,0.45,100.6,0.92,97.31
2021,1,4,21,25.69,17.82,0.33,100.61,0.83,57.36
2021,1,4,22,24.88,17.88,0.28,100.58,1.05,16.82
2021,1,4,23,24.16,17.76,0.14,100.55,1.36,4.96
2021,1,5,0,23.66,17.52,0.13,100.5,1.54,2.33
2021,1,5,1,23.27,17.27,0.16,100.43,1.67,2.94
2021,1,5,2,22.98,17.09,0.13,100.37,1.78,3.53
2021,1,5,3,22.77,16.91,0.15,100.36,1.86,6.02
2021,1,5,4,22.56,16.66,0.23,100.39,1.89,6.65
2021,1,5,5,22.33,16.42,0.34,100.46,1.83,5.39
2021,1,5,6,22.42,16.42,0.32,100.55,1.81,4.21
2021,1,5,7,22.98,16.54,0.28,100.64,2.27,1.77
2021,1,5,8,24.26,16.91,0.23,100.7,1.95,18
2021,1,5,9,26.19,17.27,0.15,100.7,2.42,55.9
2021,1,5,10,27.75,17.58,0.07,100.65,3.21,72.75
2021,1,5,11,28.9,17.82,0.03,100.56,3.74,78.2
2021,1,5,12,29.74,18.07,0.02,100.44,4.01,78.65
2021,1,5,13,30.25,18.19,0.03,100.34,4.07,75.99
2021,1,5,14,30.03,18.25,0.1,100.29,3.75,71.64
2021,1,5,15,29.54,18.8,0.32,100.31,3.12,66.52
2021,1,5,16,28.73,18.8,0.51,100.38,2.7,57.27
2021,1,5,17,27.1,18.98,0.51,100.46,1.79,44.65
2021,1,5,18,26.2,18.19,0.6,100.54,1.58,32.67
2021,1,5,19,25.65,18.01,0,100.61,1.52,25.91
2021,1,5,20,24.98,17.94,0,100.64,1.6,23.57
2021,1,5,21,24.4,17.94,0,100.63,1.82,30.63
2021,1,5,22,23.94,17.58,0,100.59,2.02,36.34
2021,1,5,23,23.53,17.21,0,100.54,1.99,34.62
2021,1,6,0,23.17,16.78,0,100.51,1.83,31.93
2021,1,6,1,22.86,16.48,0,100.47,1.7,31.28
2021,1,6,2,22.55,16.17,0,100.44,1.6,30.44
2021,1,6,3,22.18,15.81,0,100.42,1.56,25.8
2021,1,6,4,21.84,15.5,0,100.44,1.49,18.05
2021,1,6,5,21.55,15.26,0,100.49,1.46,11.07
2021,1,6,6,21.91,15.56,0,100.55,1.48,8.82
2021,1,6,7,23.7,16.05,0,100.62,1.83,15.58
2021,1,6,8,25.65,16.42,0,100.67,2.11,52.54
2021,1,6,9,27.39,16.78,0,100.68,2.76,71.15
2021,1,6,10,28.63,17.21,0,100.63,3,76.9
2021,1,6,11,29.44,17.58,0,100.52,2.97,79.22
2021,1,6,12,29.96,17.88,0,100.38,2.7,80.02
2021,1,6,13,30.2,18.01,0,100.26,2.35,81.38
2021,1,6,14,30.22,18.07,0.01,100.17,1.94,84.68
2021,1,6,15,29.97,18.07,0.01,100.16,1.63,89.72
2021,1,6,16,29.41,18.55,0.01,100.19,1.37,98.55
2021,1,6,17,27.89,19.04,0.01,100.26,1.21,107.62
2021,1,6,18,26.91,18.86,0,100.34,1.18,116.4
2021,1,6,19,26.33,18.8,0,100.42,1.08,106.86
2021,1,6,20,25.86,18.62,0,100.47,1.02,89.56
2021,1,6,21,25.4,18.49,0,100.47,1.22,84.84
2021,1,6,22,24.87,18.31,0,100.45,1.51,84.67
2021,1,6,23,24.35,17.94,0,100.44,1.63,89.18
2021,1,7,0,23.98,17.52,0,100.4,1.53,94.98
2021,1,7,1,23.65,17.09,0,100.34,1.41,94.13
2021,1,7,2,23.31,16.78,0,100.3,1.22,79.63
2021,1,7,3,22.89,16.48,0,100.29,1.14,53.05
2021,1,7,4,22.44,16.17,0,100.31,1.12,28.71
2021,1,7,5,22.05,15.87,0,100.35,1.19,8.72
2021,1,7,6,22.3,16.05,0,100.41,1.42,357.15
2021,1,7,7,24.2,16.11,0,100.5,1.98,2.49
2021,1,7,8,26.2,16.05,0,100.56,2.4,31.57
2021,1,7,9,27.73,16.42,0,100.56,2.7,42.07
2021,1,7,10,28.97,16.91,0,100.52,2.69,40.53
2021,1,7,11,29.87,17.27,0,100.43,2.52,35.17
2021,1,7,12,30.51,17.58,0,100.32,2.24,26.92
2021,1,7,13,30.8,17.7,0,100.21,2.01,18.36
2021,1,7,14,30.76,17.64,0,100.16,1.88,15.88
2021,1,7,15,30.41,17.58,0,100.15,1.74,19.65
2021,1,7,16,29.8,17.88,0,100.18,1.44,25.32
2021,1,7,17,28.4,17.94,0,100.25,1.04,31.18
2021,1,7,18,27.92,16.85,0,100.33,0.73,33.69
2021,1,7,19,27.29,16.66,0.05,100.42,0.7,24.55
2021,1,7,20,26.33,17.03,0.05,100.47,0.94,24.01
2021,1,7,21,25.27,17.33,0.02,100.47,1.46,32.33
2021,1,7,22,24.23,17.03,0.01,100.45,1.92,37.71
2021,1,7,23,23.46,16.54,0.02,100.43,2.06,39.61
2021,1,8,0,22.76,16.05,0,100.39,2.13,37.08
2021,1,8,1,22.08,15.56,0,100.35,2.19,33.07
2021,1,8,2,21.45,15.01,0,100.33,2.21,31
2021,1,8,3,20.84,14.59,0,100.34,2.19,29.21
2021,1,8,4,20.36,14.16,0,100.36,1.96,24.93
2021,1,8,5,20.12,13.85,0,100.42,1.7,19.02
2021,1,8,6,20.63,14.22,0,100.51,1.54,17.42
2021,1,8,7,22.83,14.59,0,100.6,1.95,35.72
2021,1,8,8,24.91,14.95,0,100.66,2.29,64.05
2021,1,8,9,26.8,15.44,0,100.64,2.25,75.96
2021,1,8,10,28.26,15.99,0,100.59,2.13,70.77
2021,1,8,11,29.37,16.42,0,100.48,2.15,55.67
2021,1,8,12,30.15,16.66,0,100.35,2.28,38.32
2021,1,8,13,30.52,16.78,0,100.23,2.55,26.8
2021,1,8,14,30.51,16.85,0,100.17,2.77,22.52
2021,1,8,15,30.21,17.09,0.01,100.17,2.79,23.62
2021,1,8,16,29.33,17.64,0.02,100.22,2.5,26.32
2021,1,8,17,27.09,18.25,0.01,100.29,2.02,26.96
2021,1,8,18,25.93,17.76,0.03,100.37,2.03,26.27
2021,1,8,19,25.15,17.33,0,100.46,2.38,27.74
2021,1,8,20,24.43,16.72,0,100.52,2.88,30.67
2021,1,8,21,23.75,15.93,0,100.54,3.41,33.69
2021,1,8,22,22.93,15.14,0,100.52,3.45,35.06
2021,1,8,23,22.1,14.47,0,100.48,3.24,36.95
2021,1,9,0,21.42,14.04,0,100.44,2.96,37.6
2021,1,9,1,20.82,13.73,0,100.4,2.73,35.79
2021,1,9,2,20.21,13.43,0,100.36,2.57,30.55
2021,1,9,3,19.69,13.12,0,100.38,2.46,22.82
2021,1,9,4,19.33,12.82,0,100.41,2.29,12
2021,1,9,5,19.08,12.63,0,100.47,2.28,359.41
2021,1,9,6,19.63,12.94,0,100.57,2.33,351.9
2021,1,9,7,21.8,13,0,100.67,3.14,354.01
2021,1,9,8,24.09,13.43,0,100.73,3.39,15.51
2021,1,9,9,25.97,13.98,0,100.72,3.15,26.06
2021,1,9,10,27.29,14.59,0,100.67,3.03,28.15
2021,1,9,11,28.26,15.08,0,100.57,2.99,27.7
2021,1,9,12,28.94,15.44,0,100.44,2.81,22.86
2021,1,9,13,29.3,15.69,0,100.3,2.63,17.63
2021,1,9,14,29.31,15.81,0,100.23,2.45,17.8
2021,1,9,15,29.03,15.87,0,100.25,2.2,23.92
2021,1,9,16,28.4,16.3,0,100.3,1.66,30.55
2021,1,9,17,26.81,16.91,0,100.37,1.26,30.23
2021,1,9,18,25.65,16.48,0,100.46,1.36,23.63
2021,1,9,19,24.58,16.42,0,100.56,1.86,27.21
2021,1,9,20,23.74,15.87,0,100.61,2.46,33.74
2021,1,9,21,22.71,15.08,0,100.6,2.76,37.97
2021,1,9,22,21.8,14.47,0,100.57,2.74,38.86
2021,1,9,23,20.95,13.92,0,100.55,2.56,37.92
2021,1,10,0,20.26,13.49,0,100.52,2.27,33.91
2021,1,10,1,19.69,13.12,0,100.48,2.01,24.37
2021,1,10,2,19.16,12.82,0,100.44,1.95,16.98
2021,1,10,3,18.73,12.57,0,100.44,1.99,14.53
2021,1,10,4,18.42,12.39,0,100.47,1.86,8.2
2021,1,10,5,18.19,12.21,0,100.53,1.72,355.3
2021,1,10,6,18.8,12.45,0,100.62,1.89,354.05
2021,1,10,7,21.08,12.57,0,100.72,2.36,8
2021,1,10,8,23.62,13.18,0,100.8,2.36,33.8
2021,1,10,9,25.46,13.79,0,100.8,2.08,39.97
2021,1,10,10,26.87,14.34,0,100.76,1.95,38.02
2021,1,10,11,27.92,14.77,0,100.67,1.9,36.49
2021,1,10,12,28.65,15.14,0,100.54,1.7,32.45
2021,1,10,13,29.04,15.32,0,100.41,1.54,28.12
2021,1,10,14,29.14,15.32,0,100.34,1.5,28.71
2021,1,10,15,28.9,15.38,0,100.34,1.51,33.85
2021,1,10,16,28.48,15.69,0,100.38,1.22,34.6
2021,1,10,17,27.15,15.87,0,100.43,0.91,31.64
2021,1,10,18,26.33,15.14,0,100.51,0.83,23.2
2021,1,10,19,25.23,15.32,0,100.6,1.1,16.89
2021,1,10,20,24.12,15.38,0,100.64,1.58,17.54
2021,1,10,21,22.94,15.2,0,100.63,2.07,23.57
2021,1,10,22,22.09,14.83,0,100.61,2.42,28.3
2021,1,10,23,21.37,14.34,0,100.59,2.51,30.63
2021,1,11,0,20.66,13.85,0,100.54,2.45,31.56
2021,1,11,1,20,13.43,0,100.5,2.33,32.25
2021,1,11,2,19.4,13.06,0,100.47,2.15,34.04
2021,1,11,3,18.97,12.76,0,100.47,1.92,37.06
2021,1,11,4,18.79,12.45,0,100.5,1.62,37.15
2021,1,11,5,18.67,12.27,0,100.56,1.4,26.42
2021,1,11,6,19.04,12.63,0,100.66,1.57,9.74
2021,1,11,7,21.2,12.82,0,100.77,2.22,5.45
2021,1,11,8,23.57,13.37,0,100.85,2.34,15.66
2021,1,11,9,25.51,13.98,0,100.85,2.51,8.58
2021,1,11,10,27.08,14.47,0,100.8,3.01,356.73
2021,1,11,11,28.15,14.83,0,100.72,3.51,351.29
2021,1,11,12,28.87,15.14,0,100.61,3.61,351.17
2021,1,11,13,29.26,15.38,0,100.5,3.42,355.81
2021,1,11,14,29.36,15.62,0,100.43,3.19,3.93
2021,1,11,15,29.07,15.87,0,100.43,2.91,11.61
2021,1,11,16,28.3,16.48,0,100.47,2.31,16.48
2021,1,11,17,26.27,17.15,0,100.56,1.79,20.18
2021,1,11,18,25.19,16.78,0,100.66,1.72,19.92
2021,1,11,19,24.47,16.48,0,100.75,2.22,17.16
2021,1,11,20,23.76,15.75,0,100.8,2.85,17.74
2021,1,11,21,22.83,14.83,0,100.81,3.21,21.44
2021,1,11,22,21.83,13.67,0,100.82,3.74,24.27
2021,1,11,23,20.73,12.39,0,100.8,4.13,22.44
2021,1,12,0,19.58,11.6,0,100.77,3.84,20.35
2021,1,12,1,18.67,11.23,0,100.71,3.4,18.19
2021,1,12,2,17.96,10.99,0,100.67,3.04,17.78
2021,1,12,3,17.43,10.8,0,100.67,2.84,15.45
2021,1,12,4,17.04,10.68,0,100.69,2.64,7.48
2021,1,12,5,16.69,10.56,0,100.74,2.56,357.55
2021,1,12,6,17.19,10.62,0,100.83,2.8,352.46
2021,1,12,7,19.36,10.5,0,100.94,3.71,357.34
2021,1,12,8,21.64,10.86,0,100.99,3.78,16.45
2021,1,12,9,23.25,11.35,0,100.96,3.54,21.64
2021,1,12,10,24.61,12.02,0,100.88,3.79,21.76
2021,1,12,11,25.66,12.51,0,100.77,4.15,23.52
2021,1,12,12,26.37,12.88,0,100.64,4.21,24.19
2021,1,12,13,26.76,13.12,0,100.51,4.17,22.68
2021,1,12,14,26.83,13.24,0,100.46,4.08,20.52
2021,1,12,15,26.57,13.43,0,100.46,3.84,18.4
2021,1,12,16,25.63,14.04,0,100.51,3.09,15.55
2021,1,12,17,23.27,14.34,0,100.59,2.5,12.65
2021,1,12,18,21.9,13.67,0,100.67,2.71,14.52
2021,1,12,19,21.14,13.18,0,100.77,2.93,19.16
2021,1,12,20,20.42,12.63,0,100.81,3.1,24.24
2021,1,12,21,19.76,12.02,0,100.82,3.21,28.31
2021,1,12,22,19.05,11.47,0,100.81,3.26,31.98
2021,1,12,23,18.33,10.93,0,100.79,3.21,33.57
2021,1,13,0,17.4,10.5,0,100.74,2.86,32.04
2021,1,13,1,16.58,10.19,0,100.66,2.63,27.78
2021,1,13,2,16,9.95,0,100.63,2.51,22.5
2021,1,13,3,15.51,9.7,0,100.62,2.41,17.96
2021,1,13,4,15.05,9.52,0,100.65,2.16,4.78
2021,1,13,5,14.68,9.4,0,100.71,2.01,352.18
2021,1,13,6,15.23,9.4,0,100.78,2.24,345.43
2021,1,13,7,17.48,9.34,0,100.87,2.61,352.43
2021,1,13,8,19.88,9.89,0,100.93,1.73,8.31
2021,1,13,9,21.76,10.68,0,100.92,0.93,338.38
2021,1,13,10,23.36,11.41,0,100.88,1.22,299.2
2021,1,13,11,24.62,12.02,0,100.8,1.65,291.95
2021,1,13,12,25.5,12.51,0,100.69,2.01,292.59
2021,1,13,13,26.01,12.82,0,100.56,2.27,298.42
2021,1,13,14,26.11,13,0,100.48,2.36,306.53
2021,1,13,15,25.83,13.06,0,100.48,2.28,314.58
2021,1,13,16,25.12,13.55,0,100.51,1.84,317.24
2021,1,13,17,23.34,14.04,0,100.57,1.52,313.13
2021,1,13,18,22.43,13.31,0,100.63,1.48,306.38
2021,1,13,19,22.18,12.94,0,100.7,1.37,308.51
2021,1,13,20,21.87,12.7,0,100.74,1.17,315.54
2021,1,13,21,21.48,12.57,0,100.74,0.93,322.17
2021,1,13,22,21.34,12.33,0,100.69,0.74,330.18
2021,1,13,23,20.9,12.27,0,100.64,0.61,352.69
2021,1,14,0,20.4,12.21,0,100.59,0.67,26.86
2021,1,14,1,19.54,12.21,0,100.53,0.86,62.27
2021,1,14,2,18.91,12.27,0,100.49,1.22,89.63
2021,1,14,3,18.34,12.27,0,100.5,1.6,104.1
2021,1,14,4,18,12.39,0,100.55,1.91,112.58
2021,1,14,5,17.82,12.45,0,100.6,2.05,115.78
2021,1,14,6,18.72,12.88,0,100.68,1.94,112.02
2021,1,14,7,21.4,13.43,0,100.78,2.4,113.15
2021,1,14,8,23.85,13.85,0,100.84,2.12,139.79
2021,1,14,9,25.69,14.16,0,100.83,1.28,160.46
2021,1,14,10,27.05,14.4,0,100.78,0.23,216.87
2021,1,14,11,28,14.65,0,100.69,0.73,329.88
2021,1,14,12,28.54,14.83,0,100.59,0.99,334.85
2021,1,14,13,28.78,14.89,0,100.49,0.97,335.71
2021,1,14,14,28.73,14.89,0,100.44,0.87,337.34
2021,1,14,15,28.36,14.83,0,100.44,0.72,343.72
2021,1,14,16,27.84,15.14,0,100.49,0.29,338.2
2021,1,14,17,26.4,15.38,0,100.54,0.23,183.81
2021,1,14,18,24.96,14.83,0,100.61,0.97,165.52
2021,1,14,19,23.74,14.83,0,100.69,1.61,162.45
2021,1,14,20,22.65,14.83,0,100.72,1.96,161.2
2021,1,14,21,21.83,14.71,0,100.7,2.07,160.81
2021,1,14,22,21.23,14.59,0,100.66,1.98,159.92
2021,1,14,23,20.81,14.4,0,100.62,1.75,157.91
2021,1,15,0,20.77,14.28,0,100.56,1.38,153.87
2021,1,15,1,20.83,14.28,0,100.48,0.98,145.42
2021,1,15,2,20.91,14.22,0,100.43,0.58,127.33
2021,1,15,3,20.65,14.04,0,100.43,0.31,79.82
2021,1,15,4,20.4,14.04,0,100.45,0.28,47.29
2021,1,15,5,20.19,13.85,0,100.49,0.31,62.78
2021,1,15,6,20.39,14.1,0,100.56,0.5,82.76
2021,1,15,7,22.34,14.4,0,100.65,0.6,124.32
2021,1,15,8,24.58,14.47,0,100.73,0.49,169.94
2021,1,15,9,26.32,14.4,0,100.73,0.31,175.6
2021,1,15,10,27.42,14.59,0,100.68,0.24,176.31
2021,1,15,11,28.24,14.77,0,100.59,0.14,176.82
2021,1,15,12,28.78,14.89,0,100.45,0.07,263.66
2021,1,15,13,29,14.83,0,100.31,0.15,336.04
2021,1,15,14,28.92,14.71,0,100.24,0.25,34.7
2021,1,15,15,28.55,14.47,0,100.23,0.48,70.1
2021,1,15,16,27.65,15.01,0,100.25,0.69,102.46
2021,1,15,17,25.82,15.26,0,100.32,1.04,129.53
2021,1,15,18,23.85,14.95,0,100.4,1.82,148.36
2021,1,15,19,22.71,14.89,0,100.5,2.34,155.57
2021,1,15,20,21.96,14.83,0,100.58,2.51,159.26
2021,1,15,21,21.42,14.89,0,100.6,2.53,160.5
2021,1,15,22,20.91,14.89,0,100.59,2.28,157.91
2021,1,15,23,20.42,14.95,0,100.58,2.04,153.14
2021,1,16,0,20.16,14.83,0,100.52,1.72,145.37
2021,1,16,1,20.39,14.71,0,100.46,1.15,130.86
2021,1,16,2,20.52,14.59,0,100.41,0.65,85.18
2021,1,16,3,19.94,14.34,0,100.42,0.84,28.23
2021,1,16,4,19.48,14.16,0,100.46,1.21,7.4
2021,1,16,5,18.91,13.92,0,100.5,1.54,357.96
2021,1,16,6,19.46,13.92,0,100.58,1.84,356.11
2021,1,16,7,21.76,14.4,0,100.68,2.27,0.59
2021,1,16,8,24.32,14.77,0,100.74,2.16,358.35
2021,1,16,9,26,14.83,0,100.74,2.58,357.22
2021,1,16,10,27.1,14.83,0,100.69,2.91,0.77
2021,1,16,11,27.91,14.77,0,100.6,3.07,0.15
2021,1,16,12,28.44,14.65,0,100.47,3.12,357.56
2021,1,16,13,28.61,14.34,0,100.36,3.18,354.78
2021,1,16,14,28.5,14.16,0,100.29,3.21,353.15
2021,1,16,15,28.15,14.1,0,100.27,3.06,354.13
2021,1,16,16,27.29,14.47,0,100.29,2.43,355.39
2021,1,16,17,25.05,15.01,0,100.34,1.76,356.69
2021,1,16,18,24.49,13.98,0,100.41,1.12,7.62
2021,1,16,19,24.73,13.37,0,100.52,0.74,61
2021,1,16,20,23.58,13.67,0,100.58,1.23,109.36
2021,1,16,21,22.15,14.16,0,100.59,1.92,122.52
2021,1,16,22,21.36,14.28,0,100.58,2.35,122.79
2021,1,16,23,21.03,14.34,0,100.59,2.44,118.7
2021,1,17,0,20.86,14.47,0,100.55,2.32,114.06
2021,1,17,1,20.73,14.53,0,100.52,2.08,107.48
2021,1,17,2,20.66,14.53,0,100.49,1.77,91.27
2021,1,17,3,20.43,14.47,0,100.5,1.62,61.83
2021,1,17,4,20.16,14.28,0,100.54,1.68,38.58
2021,1,17,5,19.85,13.98,0,100.6,1.83,25.25
2021,1,17,6,20.18,13.73,0,100.68,2.39,19.86
2021,1,17,7,21.71,13.49,0,100.78,3.37,19.65
2021,1,17,8,23.57,13.24,0,100.85,4.05,34.3
2021,1,17,9,25.22,13.43,0,100.86,4.06,37.18
2021,1,17,10,26.65,13.61,0,100.82,3.98,29.79
2021,1,17,11,27.69,13.73,0,100.73,4.2,22.32
2021,1,17,12,28.34,13.79,0,100.62,4.29,22.46
2021,1,17,13,28.71,13.92,0,100.51,4.2,25.18
2021,1,17,14,28.65,13.92,0,100.46,3.98,27.57
2021,1,17,15,28.19,14.04,0,100.45,3.56,29.32
2021,1,17,16,27.27,14.65,0,100.5,2.67,31.45
2021,1,17,17,24.6,15.2,0,100.58,1.99,31.7
2021,1,17,18,23.28,14.59,0,100.68,2.03,33.2
2021,1,17,19,22.59,14.28,0,100.77,2.32,32.89
2021,1,17,20,22.05,13.79,0,100.82,2.7,30.2
2021,1,17,21,21.35,13.31,0,100.84,2.96,28.19
2021,1,17,22,20.51,12.76,0,100.83,2.98,25.29
2021,1,17,23,19.7,12.27,0,100.81,2.87,20.21
2021,1,18,0,19.07,12.02,0,100.78,2.77,17.92
2021,1,18,1,18.6,11.9,0,100.73,2.75,15.65
2021,1,18,2,18.22,11.78,0,100.69,2.82,12.31
2021,1,18,3,18.07,11.78,0,100.69,2.87,12.41
2021,1,18,4,17.76,11.6,0,100.73,2.7,11.5
2021,1,18,5,17.39,11.41,0,100.79,2.6,9.32
2021,1,18,6,18.05,11.66,0,100.87,2.51,7.52
2021,1,18,7,20.73,11.66,0,100.96,3.18,14.65
2021,1,18,8,23.24,11.84,0,101.02,3.37,37.75
2021,1,18,9,24.9,12.21,0,100.99,3.01,42.47
2021,1,18,10,26.15,12.63,0,100.94,2.76,39.14
2021,1,18,11,27.09,13,0,100.84,2.8,35.46
2021,1,18,12,27.76,13.24,0,100.7,2.85,28.67
2021,1,18,13,28.05,13.31,0,100.57,2.95,22.9
2021,1,18,14,27.98,13.37,0,100.49,3.23,19.36
2021,1,18,15,27.43,13.49,0,100.48,3.34,20.26
2021,1,18,16,26.26,14.1,0,100.49,2.77,22.22
2021,1,18,17,23.8,14.77,0,100.51,2.15,21.34
2021,1,18,18,22.65,14.1,0,100.56,2.19,23.28
2021,1,18,19,22.05,13.79,0,100.62,2.23,25.76
2021,1,18,20,21.44,13.49,0,100.69,2.27,25.51
2021,1,18,21,20.95,13.18,0,100.72,2.28,26.21
2021,1,18,22,20.34,12.7,0,100.72,2.46,23.63
2021,1,18,23,19.68,12.02,0,100.72,2.85,19.53
2021,1,19,0,19,11.29,0,100.68,3.3,16.63
2021,1,19,1,18.38,10.93,0,100.64,3.37,11.36
2021,1,19,2,17.9,10.74,0,100.61,3.25,7.45
2021,1,19,3,17.51,10.8,0,100.6,2.84,5.05
2021,1,19,4,17.23,10.99,0,100.62,2.17,4.75
2021,1,19,5,17.17,11.17,0,100.66,1.77,6.84
2021,1,19,6,17.58,11.35,0,100.74,1.55,356.53
2021,1,19,7,18.83,10.99,0,100.83,1.96,347.79
2021,1,19,8,20.97,11.35,0,100.89,1.69,6.37
2021,1,19,9,23.45,11.96,0,100.89,0.73,356.31
2021,1,19,10,25.56,12.45,0,100.84,0.96,270
2021,1,19,11,26.44,12.82,0,100.77,1.08,285.04
2021,1,19,12,26.69,13,0,100.65,1.01,309.98
2021,1,19,13,26.65,13.12,0,100.53,0.98,334.05
2021,1,19,14,26.51,13.24,0,100.46,1,358.66
2021,1,19,15,26.19,13.43,0,100.45,1.06,17.23
2021,1,19,16,25.69,13.85,0,100.47,0.97,22.83
2021,1,19,17,24.6,14.04,0,100.52,0.78,19.89
2021,1,19,18,24.08,13.31,0,100.58,0.63,11.45
2021,1,19,19,23.62,13.06,0,100.66,0.59,353.91
2021,1,19,20,22.9,13.12,0,100.71,0.71,341.37
2021,1,19,21,22.24,13.24,0,100.71,0.91,340.02
2021,1,19,22,21.71,13.37,0,100.68,1.18,345.41
2021,1,19,23,21.15,13.49,0,100.67,1.43,350.59
2021,1,20,0,20.51,13.43,0,100.62,1.7,352.87
2021,1,20,1,19.89,13.18,0,100.56,1.85,357.83
2021,1,20,2,19.48,13.06,0,100.51,1.83,4.42
2021,1,20,3,19.18,12.88,0,100.52,1.69,13.07
2021,1,20,4,19.08,12.76,0,100.55,1.43,26.28
2021,1,20,5,19.15,12.63,0,100.62,1.14,45
2021,1,20,6,19.73,13.06,0,100.7,0.89,61.87
2021,1,20,7,21.63,13.43,0,100.77,0.95,80.07
2021,1,20,8,24.56,13.79,0,100.82,1.17,142.59
2021,1,20,9,26.91,14.22,0,100.81,1.26,176.09
2021,1,20,10,28.26,14.77,0,100.75,0.66,198.65
2021,1,20,11,29.24,15.26,0,100.65,0.21,257.01
2021,1,20,12,29.9,15.62,0,100.52,0.31,324.29
2021,1,20,13,30.17,15.75,0,100.4,0.38,325.98
2021,1,20,14,30.08,15.75,0,100.33,0.33,316.91
2021,1,20,15,29.5,15.81,0,100.33,0.29,271.55
2021,1,20,16,29.1,16.11,0,100.37,0.49,224.36
2021,1,20,17,27.41,17.03,0,100.41,0.83,199.29
2021,1,20,18,25.94,16.6,0,100.47,1.44,184.97
2021,1,20,19,24.86,16.48,0,100.56,1.88,179.05
2021,1,20,20,24.09,16.36,0,100.63,2.02,177.78
2021,1,20,21,23.49,16.3,0,100.65,1.95,179.77
2021,1,20,22,23.03,16.3,0,100.63,1.77,182.03
2021,1,20,23,22.69,16.24,0,100.61,1.54,184.93
2021,1,21,0,22.44,16.11,0,100.56,1.34,191.77
2021,1,21,1,22.29,15.93,0,100.49,1.08,211.39
2021,1,21,2,22.14,15.81,0,100.44,0.98,238.72
2021,1,21,3,21.87,15.69,0,100.42,1.07,259.1
2021,1,21,4,21.56,15.56,0,100.43,1.32,266.61
2021,1,21,5,21.28,15.5,0,100.46,1.54,272.04
2021,1,21,6,21.78,15.69,0,100.54,1.75,276.9
2021,1,21,7,23.52,15.81,0,100.64,2.12,276.76
2021,1,21,8,25.37,15.87,0,100.72,1.84,278.78
2021,1,21,9,26.87,15.99,0,100.73,1.68,293.58
2021,1,21,10,27.86,16.17,0,100.7,1.49,313.73
2021,1,21,11,28.4,16.24,0,100.62,1.32,331.01
2021,1,21,12,28.65,16.24,0,100.5,1.13,341.44
2021,1,21,13,28.92,16.36,0,100.38,0.78,350.26
2021,1,21,14,29.05,16.42,0,100.3,0.33,12.38
2021,1,21,15,28.75,16.36,0,100.29,0.31,154.72
2021,1,21,16,28.16,17.09,0,100.31,0.91,163.11
2021,1,21,17,26.48,18.01,0,100.36,1.36,161.25
2021,1,21,18,25.05,17.46,0,100.42,1.89,159.47
2021,1,21,19,24.42,17.03,0,100.48,2.1,156.3
2021,1,21,20,23.91,16.78,0,100.51,2.18,152.42
2021,1,21,21,23.46,16.66,0,100.51,2.25,148.8
2021,1,21,22,23.05,16.6,0,100.48,2.21,145.24
2021,1,21,23,22.75,16.54,0,100.45,2.02,142.86
2021,1,22,0,22.49,16.54,0,100.42,1.82,143.03
2021,1,22,1,22.33,16.48,0,100.39,1.67,143.93
2021,1,22,2,22.08,16.42,0,100.36,1.63,147.15
2021,1,22,3,21.98,16.36,0,100.37,1.56,152.54
2021,1,22,4,21.94,16.3,0,100.42,1.51,167.12
2021,1,22,5,21.91,16.3,0,100.48,1.53,185.86
2021,1,22,6,22.58,16.66,0,100.56,1.54,201.75
2021,1,22,7,24.18,16.85,0,100.64,1.85,219.53
2021,1,22,8,25.56,16.91,0,100.68,1.73,248.78
2021,1,22,9,26.79,16.97,0.01,100.64,1.79,274
2021,1,22,10,27.83,17.09,0.01,100.57,1.74,297.6
2021,1,22,11,28.79,17.21,0.01,100.46,1.65,317.31
2021,1,22,12,29.3,17.21,0.01,100.34,1.49,328.98
2021,1,22,13,29.37,17.21,0.01,100.23,1.25,336
2021,1,22,14,29.08,17.27,0.01,100.21,0.78,339.38
2021,1,22,15,28.39,17.21,0.01,100.24,0.11,68.96
2021,1,22,16,27.43,17.7,0.01,100.28,0.88,150.7
2021,1,22,17,26,18.31,0.01,100.34,1.33,156.14
2021,1,22,18,24.98,18.25,0.02,100.42,1.74,158.96
2021,1,22,19,24.49,17.94,0,100.5,2.35,158.73
2021,1,22,20,24.16,17.82,0,100.54,2.59,158.01
2021,1,22,21,23.93,17.7,0,100.54,2.41,158.1
2021,1,22,22,23.73,17.58,0,100.52,2.16,155.85
2021,1,22,23,23.58,17.52,0,100.5,2.02,152.34
2021,1,23,0,23.44,17.4,0,100.45,1.84,149.41
2021,1,23,1,23.3,17.33,0,100.39,1.66,146.91
2021,1,23,2,23.18,17.27,0,100.36,1.54,144.29
2021,1,23,3,23.08,17.21,0,100.38,1.46,140.86
2021,1,23,4,23.01,17.15,0,100.42,1.31,144.7
2021,1,23,5,23.02,17.03,0,100.49,1.02,161.7
2021,1,23,6,23.27,17.21,0,100.57,0.73,184.92
2021,1,23,7,24.15,17.15,0,100.65,0.4,209.6
2021,1,23,8,24.92,16.78,0,100.72,0.47,346.43
2021,1,23,9,25.81,16.72,0,100.71,0.86,338.1
2021,1,23,10,26.87,16.72,0,100.68,1.04,329.77
2021,1,23,11,27.91,16.78,0,100.59,1,333.03
2021,1,23,12,28.74,16.85,0,100.47,0.84,344.28
2021,1,23,13,29.09,16.72,0,100.36,0.62,7.93
2021,1,23,14,29.14,16.54,0,100.3,0.5,60.26
2021,1,23,15,28.9,16.6,0,100.31,0.86,118.65
2021,1,23,16,28.37,17.21,0,100.34,1.37,140.32
2021,1,23,17,26.5,18.07,0,100.38,1.76,147.86
2021,1,23,18,25.04,17.27,0,100.45,2.43,152.61
2021,1,23,19,24.38,16.72,0,100.54,3.29,153.62
2021,1,23,20,23.72,16.6,0,100.58,3.72,153.86
2021,1,23,21,23.24,16.6,0,100.6,3.54,153.49
2021,1,23,22,22.91,16.6,0,100.61,3.05,152.06
2021,1,23,23,22.61,16.48,0,100.6,2.41,148.94
2021,1,24,0,22.4,16.42,0,100.56,2.01,144.33
2021,1,24,1,22.3,16.36,0,100.5,1.85,136.71
2021,1,24,2,22.22,16.3,0,100.47,1.75,125.39
2021,1,24,3,22.1,16.17,0,100.48,1.59,114.93
2021,1,24,4,22.02,16.05,0,100.52,1.4,104.58
2021,1,24,5,22.03,15.93,0,100.56,1.14,89.22
2021,1,24,6,22.51,16.17,0,100.64,1.1,63.43
2021,1,24,7,24.36,16.36,0,100.72,1.11,41.57
2021,1,24,8,26.47,16.6,0,100.77,0.98,12.48
2021,1,24,9,27.96,17.03,0,100.75,1.15,349.07
2021,1,24,10,29.05,17.33,0,100.7,1.42,346.04
2021,1,24,11,29.85,17.46,0,100.62,1.7,349.67
2021,1,24,12,30.28,17.4,0,100.5,1.78,352.19
2021,1,24,13,30.33,17.33,0,100.39,1.71,352.91
2021,1,24,14,30.16,17.33,0,100.34,1.52,352.33
2021,1,24,15,29.7,17.4,0,100.34,1.07,351.16
2021,1,24,16,29.1,17.76,0,100.37,0.21,351.57
2021,1,24,17,27.62,18.25,0,100.42,0.85,156.73
2021,1,24,18,25.93,18.19,0,100.49,1.9,155.65
2021,1,24,19,25.02,17.52,0,100.56,2.6,154.9
2021,1,24,20,24.25,17.09,0,100.61,3.2,154.87
2021,1,24,21,23.52,16.85,0,100.62,3.41,152.91
2021,1,24,22,23.06,16.66,0,100.61,3.15,151.08
2021,1,24,23,22.7,16.54,0,100.6,2.62,149.53
2021,1,25,0,22.4,16.36,0,100.58,2.13,147.59
2021,1,25,1,22.19,16.3,0,100.54,1.79,144.93
2021,1,25,2,22,16.17,0,100.5,1.56,142.1
2021,1,25,3,21.83,16.05,0,100.5,1.38,134.31
2021,1,25,4,21.84,15.93,0,100.52,1.19,124
2021,1,25,5,21.83,15.87,0,100.57,1.08,114.34
2021,1,25,6,22.44,16.17,0,100.62,1,96.74
2021,1,25,7,24.49,16.6,0,100.68,1.11,72.45
2021,1,25,8,26.69,17.09,0,100.73,1.09,24.17
2021,1,25,9,28.4,17.46,0,100.72,1.39,359.03
2021,1,25,10,29.49,17.58,0,100.65,1.71,354.76
2021,1,25,11,30.19,17.64,0,100.56,1.88,356.19
2021,1,25,12,30.37,17.4,0,100.46,1.7,1.84
2021,1,25,13,30.44,17.27,0,100.35,1.28,15.22
2021,1,25,14,30.53,17.09,0,100.28,0.98,41.44
2021,1,25,15,30.44,16.97,0,100.27,1.05,83.57
2021,1,25,16,29.92,17.27,0,100.29,1.42,119.24
2021,1,25,17,27.53,18.25,0,100.33,2.01,141.79
2021,1,25,18,25.69,17.09,0,100.39,2.97,151
2021,1,25,19,24.73,16.24,0,100.49,3.92,152.57
2021,1,25,20,23.76,15.99,0,100.56,3.94,150.54
2021,1,25,21,23.07,15.99,0,100.58,3.22,148.89
2021,1,25,22,22.67,16.05,0,100.57,2.5,146.86
2021,1,25,23,22.37,16.05,0,100.57,2.04,143.09
2021,1,26,0,21.99,15.93,0,100.54,1.75,138.43
2021,1,26,1,21.8,15.87,0,100.49,1.38,132.93
2021,1,26,2,22.09,15.87,0,100.44,0.79,119.11
2021,1,26,3,22.14,15.87,0,100.44,0.44,63.43
2021,1,26,4,22,15.87,0,100.46,0.57,11.77
2021,1,26,5,21.69,15.75,0,100.5,0.84,355.19
2021,1,26,6,22.01,15.87,0,100.57,1.1,350.6
2021,1,26,7,23.58,15.69,0,100.64,1.52,8.25
2021,1,26,8,25.35,14.95,0,100.71,1.58,28.09
2021,1,26,9,27.12,14.4,0,100.72,0.89,45
2021,1,26,10,29.26,13.61,0,100.67,0.9,65.43
2021,1,26,11,30.55,13.55,0,100.58,1.1,54.51
2021,1,26,12,31.26,13.55,0,100.48,1.43,40.8
2021,1,26,13,31.55,13.61,0,100.36,1.75,34.47
2021,1,26,14,31.42,13.67,0,100.28,2.01,34.25
2021,1,26,15,31.03,13.85,0,100.25,2.05,37.57
2021,1,26,16,30.39,13.61,0,100.27,1.8,43.59
2021,1,26,17,28.05,14.83,0,100.29,1.37,56.4
2021,1,26,18,26.7,14.34,0,100.34,1.36,89.01
2021,1,26,19,25.68,14.53,0,100.41,1.71,114.57
2021,1,26,20,24.53,14.95,0,100.45,1.84,126.87
2021,1,26,21,23.94,15.08,0,100.46,1.6,133.22
2021,1,26,22,23.69,15.01,0,100.45,1.14,129.15
2021,1,26,23,23.62,14.83,0,100.44,0.71,94.4
2021,1,27,0,22.93,14.89,0,100.43,0.75,34.85
2021,1,27,1,22.09,14.77,0,100.39,1.03,4.8
2021,1,27,2,21.6,14.53,0,100.37,1.2,351.76
2021,1,27,3,21.32,14.28,0,100.37,1.25,6.46
2021,1,27,4,21.13,14.04,0,100.41,1.19,350.91
2021,1,27,5,20.94,13.85,0,100.45,1.16,341.08
2021,1,27,6,21.48,14.28,0,100.51,1.19,332.76
2021,1,27,7,23.94,14.28,0,100.59,0.91,3.45
2021,1,27,8,26.54,14.77,0,100.67,1.31,91.37
2021,1,27,9,28.6,15.44,0,100.67,1.44,121.71
2021,1,27,10,30.26,15.75,0,100.62,1.41,122.54
2021,1,27,11,31.23,16.11,0,100.53,1.55,109.98
2021,1,27,12,31.8,16.42,0,100.42,1.71,103.21
2021,1,27,13,31.98,16.54,0,100.31,1.85,104.15
2021,1,27,14,31.82,16.6,0,100.23,2.03,108.64
2021,1,27,15,31.21,16.72,0,100.22,2.26,115.77
2021,1,27,16,30.33,17.21,0,100.25,2.31,125.09
2021,1,27,17,27.94,18.37,0,100.3,2.31,135.82
2021,1,27,18,26.27,17.82,0,100.38,2.68,141.76
2021,1,27,19,25.48,17.52,0,100.48,2.81,140.52
2021,1,27,20,24.8,17.52,0,100.55,2.65,136.55
2021,1,27,21,24.26,17.64,0,100.57,2.22,132.86
2021,1,27,22,23.87,17.64,0,100.55,1.76,125.03
2021,1,27,23,23.81,17.33,0,100.53,1.15,112.74
2021,1,28,0,23.69,17.21,0,100.5,0.56,69.54
2021,1,28,1,23.26,17.15,0,100.46,0.78,359.43
2021,1,28,2,22.83,17.03,0,100.44,1.21,345.43
2021,1,28,3,22.5,16.91,0,100.45,1.43,341.86
2021,1,28,4,22.17,16.66,0,100.49,1.44,341.37
2021,1,28,5,22.15,16.42,0,100.57,1.19,347.88
2021,1,28,6,22.85,16.54,0,100.66,0.91,23.91
2021,1,28,7,24.94,16.42,0,100.74,1.51,77.12
2021,1,28,8,26.99,16.3,0,100.82,2.04,103.98
2021,1,28,9,28.74,16.48,0,100.82,1.89,108.06
2021,1,28,10,30.21,16.6,0,100.76,1.57,78.52
2021,1,28,11,31.31,16.6,0,100.66,1.95,48.9
2021,1,28,12,31.93,16.54,0,100.54,2.36,38.69
2021,1,28,13,32.19,16.42,0,100.43,2.56,36.94
2021,1,28,14,32.08,16.24,0,100.35,2.61,38.55
2021,1,28,15,31.6,16.17,0,100.33,2.49,42.84
2021,1,28,16,30.76,16.24,0,100.36,1.92,53.46
2021,1,28,17,28.9,17.33,0,100.41,1.42,89.37
2021,1,28,18,27.21,17.27,0,100.49,1.86,118.61
2021,1,28,19,26.2,17.15,0,100.58,1.91,113.11
2021,1,28,20,25.41,16.78,0,100.65,1.87,83.53
2021,1,28,21,24.4,16.24,0,100.69,2.09,57.86
2021,1,28,22,23.54,15.56,0,100.69,2.22,40.14
2021,1,28,23,22.66,14.59,0,100.69,2.47,31.52
2021,1,29,0,21.78,13.61,0,100.66,2.56,32.67
2021,1,29,1,21.08,13.31,0,100.63,2.28,32.71
2021,1,29,2,20.8,12.94,0,100.6,1.87,33.96
2021,1,29,3,20.81,12.51,0,100.59,1.47,33.52
2021,1,29,4,20.63,12.33,0,100.62,1.05,18.3
2021,1,29,5,20.2,12.27,0,100.69,1.03,345.96
2021,1,29,6,20.48,12.88,0,100.74,1.38,335.91
2021,1,29,7,22.77,12.51,0,100.82,1.93,359.3
2021,1,29,8,24.8,12.7,0,100.88,2.22,35.98
2021,1,29,9,26.41,13.12,0,100.88,2.29,42.65
2021,1,29,10,27.81,13.49,0,100.83,2.27,34.78
2021,1,29,11,28.94,13.73,0,100.73,2.33,23.05
2021,1,29,12,29.8,13.92,0,100.6,2.43,11.31
2021,1,29,13,30.23,13.98,0,100.49,2.56,5.61
2021,1,29,14,30.27,14.04,0,100.4,2.64,5.44
2021,1,29,15,29.94,14.1,0,100.39,2.58,8.01
2021,1,29,16,29.14,14.59,0,100.41,2.07,9.57
2021,1,29,17,27,15.81,0,100.46,1.52,7.38
2021,1,29,18,25.9,15.08,0,100.54,1.28,8.08
2021,1,29,19,25.04,14.95,0,100.63,1.44,16.37
2021,1,29,20,23.99,15.01,0,100.71,1.78,26.34
2021,1,29,21,23.16,14.77,0,100.75,2.12,35.1
2021,1,29,22,22.37,14.28,0,100.76,2.4,36.01
2021,1,29,23,21.55,13.67,0,100.75,2.58,36
2021,1,30,0,20.73,13.12,0,100.72,2.6,34.22
2021,1,30,1,19.94,12.63,0,100.66,2.54,30.9
2021,1,30,2,19.32,12.27,0,100.61,2.42,29.22
2021,1,30,3,19.26,12.27,0,100.6,2.16,29.26
2021,1,30,4,19.13,12.33,0,100.64,1.76,25.77
2021,1,30,5,19.01,12.39,0,100.7,1.42,21.22
2021,1,30,6,19.51,12.27,0,100.78,1.14,15.46
2021,1,30,7,21.14,11.84,0,100.85,1.36,32.77
2021,1,30,8,23.11,12.15,0,100.91,1.23,57.42
2021,1,30,9,25.77,12.33,0,100.9,0.25,67.52
2021,1,30,10,27.92,12.82,0,100.83,0.72,289.03
2021,1,30,11,29.01,13.24,0,100.72,1.16,309.81
2021,1,30,12,29.69,13.43,0,100.6,1.39,329.98
2021,1,30,13,30.08,13.37,0,100.49,1.57,350.54
2021,1,30,14,30.01,13.24,0,100.43,1.73,11.21
2021,1,30,15,29.53,13.24,0,100.42,1.81,32.45
2021,1,30,16,28.54,13.24,0,100.45,1.83,51.07
2021,1,30,17,26.36,14.77,0,100.5,1.59,73.17
2021,1,30,18,25.25,14.4,0,100.57,1.63,100.5
2021,1,30,19,24.33,14.71,0,100.65,1.81,118.89
2021,1,30,20,23.58,14.89,0,100.72,1.94,123.82
2021,1,30,21,23.22,15.01,0,100.74,1.84,115.15
2021,1,30,22,23.1,15.01,0,100.73,1.66,90.81
2021,1,30,23,22.87,14.95,0,100.7,1.55,63.43
2021,1,31,0,22.51,14.89,0,100.67,1.5,39.5
2021,1,31,1,22.1,14.77,0,100.63,1.52,23.28
2021,1,31,2,21.61,14.47,0,100.59,1.63,15.83
2021,1,31,3,21.2,14.16,0,100.59,1.67,12.67
2021,1,31,4,20.86,13.92,0,100.62,1.53,355.89
2021,1,31,5,20.54,13.79,0,100.69,1.49,338.53
2021,1,31,6,21.12,13.98,0,100.76,1.63,329.51
2021,1,31,7,22.78,13.73,0,100.85,1.82,333.54
2021,1,31,8,24.82,13.79,0,100.92,1.12,34.47
2021,1,31,9,26.3,14.1,0,100.93,1.54,67.6
2021,1,31,10,27.6,14.53,0,100.88,2.02,70.58
2021,1,31,11,28.65,14.89,0,100.79,2.32,69.13
2021,1,31,12,29.37,15.14,0,100.67,2.23,69.02
2021,1,31,13,29.8,15.38,0,100.57,1.91,70.68
2021,1,31,14,29.88,15.5,0,100.51,1.56,74.64
2021,1,31,15,29.86,15.56,0,100.5,1.22,87.06
2021,1,31,16,29.28,15.93,0,100.52,0.98,117.99
2021,1,31,17,27.51,17.09,0,100.56,1.17,145.35
2021,1,31,18,25.61,16.97,0,100.62,1.84,150.16
2021,1,31,19,24.91,16.91,0,100.7,2.14,144.22
2021,1,31,20,24.4,16.85,0,100.76,2.15,138.68
2021,1,31,21,23.94,16.91,0,100.77,2.03,135.93
2021,1,31,22,23.62,16.91,0,100.77,1.82,127.85
2021,1,31,23,23.41,16.85,0,100.74,1.64,106.88
2021,2,1,0,23.18,16.72,0,100.69,1.68,79.53
2021,2,1,1,22.92,16.48,0,100.64,1.84,63.54
2021,2,1,2,22.61,16.24,0,100.6,1.88,56.38
2021,2,1,3,22.3,15.87,0,100.58,1.76,51.14
2021,2,1,4,22.23,15.5,0,100.6,1.46,49.57
2021,2,1,5,22.23,15.2,0,100.66,1.07,47.36
2021,2,1,6,22.72,15.44,0,100.71,0.85,26.1
2021,2,1,7,25.08,15.08,0,100.79,1.19,32.64
2021,2,1,8,27.21,15.08,0,100.86,0.65,10.37
2021,2,1,9,28.94,15.44,0,100.88,0.83,296.81
2021,2,1,10,30.16,15.81,0,100.85,1.21,304.72
2021,2,1,11,31.01,16.05,0,100.77,1.48,325.97
2021,2,1,12,31.48,16.17,0,100.65,1.82,342.26
2021,2,1,13,31.59,16.17,0,100.54,2.13,352.61
2021,2,1,14,31.48,16.05,0,100.47,2.22,1.61
2021,2,1,15,31,15.99,0,100.46,2.12,14.5
2021,2,1,16,30.12,16.11,0,100.49,1.65,36.54
2021,2,1,17,28.37,17.15,0,100.53,1.35,82.34
2021,2,1,18,26.51,17.15,0,100.59,2.07,120.15
2021,2,1,19,25.36,16.66,0,100.67,2.47,130.64
2021,2,1,20,24.55,16.36,0,100.74,2.54,134.75
2021,2,1,21,23.91,16.3,0,100.77,2.39,137.65
2021,2,1,22,23.37,16.36,0,100.77,1.99,137.23
2021,2,1,23,22.83,16.17,0,100.75,1.6,134.8
2021,2,2,0,22.85,15.93,0,100.72,0.99,122.44
2021,2,2,1,22.58,15.69,0,100.68,0.55,82.67
2021,2,2,2,21.89,15.38,0,100.63,0.63,38
2021,2,2,3,21.26,14.95,0,100.63,0.92,21.53
2021,2,2,4,20.8,14.4,0,100.65,1.01,8.88
2021,2,2,5,20.4,13.92,0,100.7,0.99,0.45
2021,2,2,6,20.8,13.92,0,100.78,0.95,0
2021,2,2,7,22.9,13.37,0,100.87,1.4,39.11
2021,2,2,8,25.23,12.94,0,100.93,1.61,71.92
2021,2,2,9,27.57,12.57,0,100.94,0.88,96.62
2021,2,2,10,29.21,12.51,0,100.89,0.34,68.2
2021,2,2,11,30.39,12.39,0,100.81,0.68,30.96
2021,2,2,12,31.16,12.27,0,100.69,0.96,30.96
2021,2,2,13,31.48,12.21,0,100.57,1.08,37.62
2021,2,2,14,31.41,12.08,0,100.5,1.14,47.78
2021,2,2,15,30.94,12.15,0,100.49,1.2,62.1
2021,2,2,16,30.04,12.82,0,100.52,1.17,86.95
2021,2,2,17,27.33,14.34,0,100.57,1.49,125.19
2021,2,2,18,24.69,14.53,0,100.64,2.4,142.27
2021,2,2,19,23.71,14.47,0,100.72,2.71,146.63
2021,2,2,20,22.99,14.77,0,100.79,2.65,148.98
2021,2,2,21,22.38,15.08,0,100.81,2.27,146.09
2021,2,2,22,22.32,15.08,0,100.79,1.59,128.62
2021,2,2,23,22.25,14.83,0,100.76,0.96,64.06
2021,2,3,0,21.2,14.59,0,100.71,1.56,17.44
2021,2,3,1,20.51,14.04,0,100.66,2.04,7.26
2021,2,3,2,19.88,13.43,0,100.61,2.21,5.67
2021,2,3,3,19.33,12.94,0,100.61,2.18,13.89
2021,2,3,4,19.17,12.63,0,100.64,1.83,23.62
2021,2,3,5,19.4,12.45,0,100.72,1.26,35.17
2021,2,3,6,20.3,12.94,0,100.79,0.91,56.17
2021,2,3,7,22.96,13,0,100.87,1.89,90.71
2021,2,3,8,25.33,13.24,0,100.92,2.63,99.91
2021,2,3,9,27.35,13.49,0,100.9,2.25,103.46
2021,2,3,10,29.12,13.31,0,100.84,1.49,93.61
2021,2,3,11,30.42,13.18,0,100.73,1.1,58.69
2021,2,3,12,31.17,13.18,0,100.59,1.22,27.55
2021,2,3,13,31.54,13.24,0,100.48,1.36,20.1
2021,2,3,14,31.55,13.24,0,100.42,1.39,26.71
2021,2,3,15,31.18,13.31,0,100.42,1.41,38.91
2021,2,3,16,30.62,13.73,0,100.45,1.18,61.91
2021,2,3,17,28.29,15.14,0,100.51,1.23,107.74
2021,2,3,18,25.81,15.5,0,100.58,2.18,135
2021,2,3,19,24.72,15.44,0,100.67,2.62,138.38
2021,2,3,20,23.97,15.62,0,100.75,2.54,137.62
2021,2,3,21,23.37,15.81,0,100.79,2.27,136.68
2021,2,3,22,23.18,15.81,0,100.78,1.72,128.54
2021,2,3,23,23.28,15.62,0,100.78,1.03,81.68
2021,2,4,0,22.41,15.44,0,100.75,1.39,25.56
2021,2,4,1,21.6,15.01,0,100.71,1.88,10.56
2021,2,4,2,20.91,14.34,0,100.69,2.18,5.14
2021,2,4,3,20.3,13.79,0,100.7,2.29,4.11
2021,2,4,4,19.68,13.31,0,100.74,2.17,8.89
2021,2,4,5,19.18,12.94,0,100.81,1.97,17.07
2021,2,4,6,20,13.12,0,100.87,1.86,23.55
2021,2,4,7,22.58,12.94,0,100.95,2.17,44.27
2021,2,4,8,25.08,13.18,0,101,2.3,65.78
2021,2,4,9,27.17,13.49,0,100.99,1.74,71.65
2021,2,4,10,29.14,13.43,0,100.93,1.23,68
2021,2,4,11,30.8,13.18,0,100.83,1.17,57.79
2021,2,4,12,31.71,13.18,0,100.69,1.29,44.75
2021,2,4,13,32.12,13.18,0,100.55,1.53,34.42
2021,2,4,14,32.12,13.24,0,100.46,1.71,31.01
2021,2,4,15,31.74,13.43,0,100.45,1.72,34.63
2021,2,4,16,31.15,13.37,0,100.47,1.49,39.27
2021,2,4,17,29.08,14.53,0,100.51,0.97,51.2
2021,2,4,18,28.19,13.61,0,100.58,0.85,94.76
2021,2,4,19,27.26,13.61,0,100.66,1.12,113.88
2021,2,4,20,26.1,14.34,0,100.72,1.18,101.09
2021,2,4,21,24.79,14.83,0,100.72,1.32,66.94
2021,2,4,22,23.54,15.01,0,100.71,1.67,37.78
2021,2,4,23,22.65,14.83,0,100.71,2.04,28.14
2021,2,5,0,22,14.47,0,100.67,2.24,28.26
2021,2,5,1,21.36,14.1,0,100.61,2.31,32.29
2021,2,5,2,20.73,13.73,0,100.57,2.26,38.26
2021,2,5,3,20.14,13.43,0,100.55,2.14,43.82
2021,2,5,4,19.67,13.18,0,100.58,2.04,54.36
2021,2,5,5,19.54,12.94,0,100.63,1.71,60.51
2021,2,5,6,20.58,13.24,0,100.69,1.3,60.04
2021,2,5,7,22.91,13.24,0,100.77,1.24,68.27
2021,2,5,8,26.26,13.43,0,100.84,1.1,103.15
2021,2,5,9,29.08,13.73,0,100.87,0.98,200.61
2021,2,5,10,30.41,14.22,0,100.82,1.09,242.34
2021,2,5,11,31.4,14.4,0,100.73,1.02,277.07
2021,2,5,12,32.05,14.4,0,100.62,1.15,306.4
2021,2,5,13,32.3,14.34,0,100.51,1.36,325.76
2021,2,5,14,32.2,14.22,0,100.41,1.48,339.94
2021,2,5,15,31.74,14.22,0,100.38,1.47,353.9
2021,2,5,16,31,14.34,0,100.39,1.13,3.97
2021,2,5,17,29.38,14.95,0,100.44,0.54,50.3
2021,2,5,18,27.23,15.56,0,100.5,1.53,131.68
2021,2,5,19,25.42,15.87,0,100.59,2.51,142.2
2021,2,5,20,24.56,15.75,0,100.67,2.89,145.36
2021,2,5,21,23.94,15.87,0,100.72,2.99,144.48
2021,2,5,22,23.39,16.11,0,100.71,2.38,138.32
2021,2,5,23,23.09,16.3,0,100.69,1.79,119.25
2021,2,6,0,22.87,16.24,0,100.63,1.5,82.54
2021,2,6,1,22.43,15.75,0,100.56,1.6,50.16
2021,2,6,2,22.03,15.32,0,100.5,1.72,33.11
2021,2,6,3,21.62,14.83,0,100.47,1.79,28.91
2021,2,6,4,21.26,14.34,0,100.48,1.74,32.69
2021,2,6,5,21.04,13.92,0,100.53,1.57,40.35
2021,2,6,6,21.8,14.04,0,100.58,1.32,48.59
2021,2,6,7,23.97,13.43,0,100.64,1.4,68.44
2021,2,6,8,26.89,13.24,0,100.7,1.54,105.95
2021,2,6,9,29.48,13.85,0,100.72,1.16,138.27
2021,2,6,10,30.94,14.28,0,100.67,0.69,131.79
2021,2,6,11,32.05,14.4,0,100.57,0.66,105.2
2021,2,6,12,32.75,14.47,0,100.45,0.94,100.56
2021,2,6,13,33,14.47,0,100.33,1.25,105.95
2021,2,6,14,32.69,14.47,0,100.24,1.47,115.07
2021,2,6,15,32.23,14.59,0,100.21,1.66,125.26
2021,2,6,16,31.3,14.59,0,100.24,1.98,136.44
2021,2,6,17,28.63,16.78,0,100.3,2.18,146.08
2021,2,6,18,26.73,16.42,0,100.37,2.68,152.99
2021,2,6,19,25.83,16.17,0,100.46,2.82,153.36
2021,2,6,20,25.09,16.42,0,100.54,2.51,150.81
2021,2,6,21,24.58,16.85,0,100.58,1.91,140.31
2021,2,6,22,24.56,16.66,0,100.58,0.99,108.86
2021,2,6,23,24.12,16.6,0,100.56,0.91,33.42
2021,2,7,0,23.69,16.3,0,100.52,1.48,17.57
2021,2,7,1,23.3,15.93,0,100.49,1.86,11.88
2021,2,7,2,22.83,15.5,0,100.46,2.03,7.73
2021,2,7,3,22.4,15.14,0.01,100.46,2.04,11.48
2021,2,7,4,22.08,14.83,0.01,100.49,1.85,19.51
2021,2,7,5,22.08,14.53,0.01,100.54,1.46,20.95
2021,2,7,6,22.94,14.71,0,100.61,1.07,16.18
2021,2,7,7,25.48,14.1,0,100.68,0.83,43.86
2021,2,7,8,28.05,14.22,0,100.73,0.76,149.24
2021,2,7,9,30.21,14.71,0,100.73,1.06,187.59
2021,2,7,10,31.73,15.08,0,100.66,0.71,195.86
2021,2,7,11,32.84,15.2,0.01,100.54,0.32,160.25
2021,2,7,12,33.48,15.26,0.02,100.43,0.46,104.74
2021,2,7,13,33.68,15.2,0.03,100.3,0.82,99.82
2021,2,7,14,33.43,15.2,0.03,100.22,1.29,111.29
2021,2,7,15,32.92,15.44,0.02,100.21,1.87,123.42
2021,2,7,16,31.89,15.5,0.03,100.25,2.4,136.19
2021,2,7,17,29.11,17.33,0.02,100.32,2.57,147.52
2021,2,7,18,27.15,16.85,0.02,100.4,3.14,155.16
2021,2,7,19,26.14,16.66,0,100.49,3.63,156.96
2021,2,7,20,25.23,16.85,0,100.57,3.4,156.02
2021,2,7,21,24.62,17.09,0,100.61,2.54,156.27
2021,2,7,22,24.28,17.33,0,100.6,1.65,154.41
2021,2,7,23,24.26,17.58,0,100.57,0.98,152.41
2021,2,8,0,24.22,17.64,0,100.53,0.32,165.96
2021,2,8,1,24.05,17.64,0,100.5,0.23,317.73
2021,2,8,2,23.92,17.52,0,100.46,0.54,325.62
2021,2,8,3,23.81,17.4,0,100.46,0.72,325.11
2021,2,8,4,23.71,17.33,0,100.48,0.76,319.59
2021,2,8,5,23.56,17.15,0,100.52,0.75,308.66
2021,2,8,6,23.88,17.03,0,100.58,0.75,291.47
2021,2,8,7,25.17,16.6,0,100.64,0.67,275.38
2021,2,8,8,27.04,16.36,0,100.7,0.71,212.47
2021,2,8,9,29.05,16.42,0,100.69,0.99,207.17
2021,2,8,10,30.54,16.48,0,100.62,0.77,223.76
2021,2,8,11,31.54,16.48,0,100.51,0.51,241.46
2021,2,8,12,32.14,16.36,0,100.39,0.17,254.05
2021,2,8,13,32.39,16.17,0,100.29,0.19,114.44
2021,2,8,14,32.17,16.05,0,100.22,0.56,132.17
2021,2,8,15,31.48,16.11,0,100.2,0.96,155.52
2021,2,8,16,30.66,16.3,0,100.23,1.48,159.66
2021,2,8,17,28.69,17.7,0,100.31,1.71,155.19
2021,2,8,18,27.28,17.64,0,100.39,2.09,153.53
2021,2,8,19,26.48,17.4,0,100.49,2.29,145.82
2021,2,8,20,25.87,17.4,0,100.55,2.19,134.57
2021,2,8,21,25.42,17.52,0,100.57,1.95,121.71
2021,2,8,22,25.08,17.76,0,100.56,1.72,113.88
2021,2,8,23,24.82,17.82,0,100.53,1.53,109.08
2021,2,9,0,24.65,17.76,0,100.48,1.19,100.94
2021,2,9,1,24.48,17.52,0,100.42,0.77,75.82
2021,2,9,2,24.15,17.46,0,100.37,0.61,23.29
2021,2,9,3,23.83,17.33,0,100.36,0.76,351.7
2021,2,9,4,23.62,17.15,0,100.39,0.86,326.89
2021,2,9,5,23.37,16.97,0,100.44,1,309.29
2021,2,9,6,23.82,16.97,0,100.51,1.48,306.63
2021,2,9,7,25.65,16.42,0,100.56,1.55,329.43
2021,2,9,8,28.05,15.5,0,100.61,1.17,36.34
2021,2,9,9,30.23,15.08,0,100.61,1.61,84.43
2021,2,9,10,31.83,15.14,0,100.55,1.79,100.08
2021,2,9,11,32.99,15.2,0,100.42,1.8,110.32
2021,2,9,12,33.73,15.14,0,100.29,1.88,120.51
2021,2,9,13,33.94,15.01,0,100.16,1.99,128.8
2021,2,9,14,33.71,14.83,0,100.07,2.17,135.15
2021,2,9,15,33.17,14.83,0,100.05,2.39,139.64
2021,2,9,16,32.13,14.89,0,100.09,2.69,139.36
2021,2,9,17,29.21,16.6,0,100.15,2.64,140.28
2021,2,9,18,27.2,16.05,0,100.24,3.27,145.4
2021,2,9,19,26.31,15.93,0,100.33,4,148.42
2021,2,9,20,25.36,16.42,0,100.41,4.09,147.31
2021,2,9,21,24.62,16.91,0,100.43,3.73,144.88
2021,2,9,22,24.14,17.21,0,100.42,3.2,142.24
2021,2,9,23,23.76,17.33,0,100.39,2.58,139.3
2021,2,10,0,23.41,17.4,0,100.35,2.05,135.77
2021,2,10,1,23.12,17.27,0,100.3,1.72,128.54
2021,2,10,2,22.98,17.15,0,100.28,1.44,116.7
2021,2,10,3,22.94,16.97,0,100.29,1.2,100.14
2021,2,10,4,22.84,16.85,0,100.34,1.02,86.92
2021,2,10,5,22.73,16.66,0,100.42,0.84,80.89
2021,2,10,6,23.37,16.85,0,100.5,0.89,77.31
2021,2,10,7,25.81,16.78,0,100.55,1.11,66.32
2021,2,10,8,28.37,16.42,0.01,100.57,1.09,49.93
2021,2,10,9,30.26,16.17,0.02,100.56,0.91,47.1
2021,2,10,10,31.52,16.11,0.02,100.49,0.82,43.45
2021,2,10,11,32.38,16.05,0.03,100.39,0.77,29.67
2021,2,10,12,32.94,16.05,0.05,100.28,0.75,0.6
2021,2,10,13,32.98,15.99,0.06,100.19,0.98,334.46
2021,2,10,14,32.7,15.93,0.06,100.13,1.33,316.66
2021,2,10,15,31.92,15.93,0.04,100.13,1.64,307.85
2021,2,10,16,30.83,16.17,0.05,100.18,1.83,302.06
2021,2,10,17,28.75,17.7,0.06,100.25,1.46,293.28
2021,2,10,18,27.37,18.19,0.06,100.34,1.2,272.99
2021,2,10,19,26.57,18.13,0.07,100.44,0.99,246.68
2021,2,10,20,25.87,18.01,0.05,100.51,0.96,209.28
2021,2,10,21,25.25,17.76,0.05,100.56,1.26,181.42
2021,2,10,22,24.75,17.4,0.07,100.56,1.58,168.02
2021,2,10,23,24.37,17.27,0.09,100.54,1.66,160.8
2021,2,11,0,24.02,17.21,0.09,100.48,1.48,159.55
2021,2,11,1,23.73,17.21,0.09,100.43,1.19,162.76
2021,2,11,2,23.5,17.15,0.08,100.39,0.91,170.62
2021,2,11,3,23.31,17.09,0.08,100.38,0.79,181.13
2021,2,11,4,23.13,16.97,0.07,100.41,0.9,197.18
2021,2,11,5,22.98,16.91,0.05,100.49,1.09,206.75
2021,2,11,6,23.4,17.03,0.05,100.57,1.63,213.23
2021,2,11,7,24.5,17.15,0.07,100.64,2.06,219.92
2021,2,11,8,26.17,17.09,0.09,100.7,2.2,235.41
2021,2,11,9,27.96,16.72,0.12,100.71,2.31,257.32
2021,2,11,10,29.69,16.66,0.13,100.65,2.4,279.92
2021,2,11,11,30.91,16.54,0.14,100.55,2.53,294.98
2021,2,11,12,31.39,16.36,0.13,100.43,2.75,304.1
2021,2,11,13,31.49,16.24,0.11,100.34,2.77,306.97
2021,2,11,14,31.37,16.17,0.1,100.27,2.48,308.21
2021,2,11,15,30.95,16.05,0.08,100.26,1.85,309.53
2021,2,11,16,30.17,16.24,0.09,100.29,0.97,300.49
2021,2,11,17,28.43,17.27,0.09,100.36,0.58,195.52
2021,2,11,18,26.54,17.64,0.07,100.46,1.67,157.5
2021,2,11,19,25.43,16.72,0,100.56,2.35,152.07
2021,2,11,20,24.38,16.11,0,100.64,2.92,150.48
2021,2,11,21,23.58,15.81,0,100.68,3.04,147.7
2021,2,11,22,22.99,15.56,0,100.68,2.95,145.13
2021,2,11,23,22.52,15.44,0,100.66,2.72,143.76
2021,2,12,0,22.1,15.38,0,100.62,2.43,142.98
2021,2,12,1,21.74,15.26,0,100.58,2.17,141.44
2021,2,12,2,21.43,15.2,0,100.55,1.92,137.8
2021,2,12,3,21.15,15.08,0,100.55,1.74,131.55
2021,2,12,4,20.9,15.01,0,100.59,1.65,128.28
2021,2,12,5,20.74,14.95,0,100.65,1.55,128.03
2021,2,12,6,21.69,15.2,0,100.73,1.69,128.99
2021,2,12,7,24.2,15.26,0,100.78,1.29,132.55
2021,2,12,8,27.24,15.08,0,100.83,0.6,317.12
2021,2,12,9,29.11,15.08,0,100.84,2.07,313.01
2021,2,12,10,30.29,15.01,0,100.78,2.91,312.17
2021,2,12,11,31.26,14.95,0,100.69,3.42,313.61
2021,2,12,12,31.89,14.77,0,100.57,3.76,315.25
2021,2,12,13,32.29,14.53,0,100.46,3.94,317.25
2021,2,12,14,32.31,14.28,0,100.37,3.79,320.86
2021,2,12,15,31.72,14.16,0,100.35,3.22,324.88
2021,2,12,16,30.8,14.04,0,100.38,2.35,327.37
2021,2,12,17,28.87,15.56,0,100.45,0.68,330.17
2021,2,12,18,27.28,14.95,0,100.55,1.52,140.83
2021,2,12,19,25.17,15.32,0,100.66,2.79,139.99
2021,2,12,20,24.05,14.89,0,100.75,3.95,140.77
2021,2,12,21,23.08,14.89,0,100.81,4.8,139.82
2021,2,12,22,22.35,14.89,0,100.82,4.31,137.5
2021,2,12,23,21.87,14.83,0,100.79,3.62,137.01
2021,2,13,0,21.42,14.71,0,100.73,2.98,138.19
2021,2,13,1,20.96,14.65,0,100.68,2.36,137.82
2021,2,13,2,20.51,14.53,0,100.66,1.96,133.06
2021,2,13,3,20.16,14.4,0,100.66,1.75,124.82
2021,2,13,4,19.97,14.34,0,100.68,1.59,114.93
2021,2,13,5,19.94,14.28,0,100.74,1.45,103.44
2021,2,13,6,20.85,14.47,0,100.81,1.43,91.88
2021,2,13,7,23.33,14.53,0,100.88,1.47,93.65
2021,2,13,8,25.9,14.53,0,100.94,0.79,61.66
2021,2,13,9,28.01,14.28,0,100.94,1.06,359.58
2021,2,13,10,29.54,14.1,0,100.87,1.55,344.85
2021,2,13,11,30.59,13.98,0,100.76,1.74,338.63
2021,2,13,12,31.41,13.79,0,100.65,1.64,334.29
2021,2,13,13,31.91,13.49,0,100.54,1.43,330.49
2021,2,13,14,31.87,13.12,0,100.45,1.26,327.39
2021,2,13,15,31.35,12.88,0,100.42,1.02,325.58
2021,2,13,16,30.73,12.51,0,100.45,0.56,318.96
2021,2,13,17,28.83,13.98,0,100.51,0.77,153.96
2021,2,13,18,25.89,14.77,0,100.59,2.45,149.91
2021,2,13,19,24.62,14.16,0,100.69,3.38,149.88
2021,2,13,20,23.4,13.98,0,100.78,4.53,147.54
2021,2,13,21,22.51,14.1,0,100.84,4.83,144.28
2021,2,13,22,21.86,14.1,0,100.84,4.35,141.05
2021,2,13,23,21.37,14.04,0,100.82,3.75,139.31
2021,2,14,0,20.98,13.98,0,100.79,3.35,138.02
2021,2,14,1,20.61,13.98,0,100.76,2.88,135.88
2021,2,14,2,20.17,13.92,0,100.73,2.32,130.62
2021,2,14,3,19.71,13.85,0,100.71,1.96,122.8
2021,2,14,4,19.37,13.85,0,100.73,1.81,117.01
2021,2,14,5,19.15,13.79,0,100.79,1.74,116.45
2021,2,14,6,20.13,13.92,0,100.87,1.95,116.36
2021,2,14,7,22.7,13.85,0,100.94,2.52,114.97
2021,2,14,8,25.33,13.67,0,100.98,1.65,104.83
2021,2,14,9,27.58,13.49,0,100.99,0.86,32.83
2021,2,14,10,29.16,13.12,0,100.94,1.94,346.02
2021,2,14,11,30.37,12.88,0,100.83,2.8,340.6
2021,2,14,12,31.24,12.57,0,100.7,3.23,340.78
2021,2,14,13,31.75,12.33,0,100.56,3.28,343.12
2021,2,14,14,31.8,12.08,0,100.48,2.95,346.66
2021,2,14,15,31.44,12.02,0,100.44,2.32,353.62
2021,2,14,16,30.62,11.84,0,100.45,1.55,11.03
2021,2,14,17,28.32,14.1,0,100.5,1.11,97.67
2021,2,14,18,25.37,14.16,0,100.56,2.61,131.61
2021,2,14,19,23.8,13.24,0,100.65,3.78,136.67
2021,2,14,20,22.73,13.43,0,100.73,4.89,139.99
2021,2,14,21,21.97,13.73,0,100.78,4.8,140.82
2021,2,14,22,21.39,13.85,0,100.78,4.04,140.8
2021,2,14,23,20.98,13.85,0,100.75,3.38,139.97
2021,2,15,0,20.51,13.85,0,100.69,2.7,139.58
2021,2,15,1,20.03,13.85,0,100.63,2.23,138.55
2021,2,15,2,19.62,13.79,0,100.59,2.01,135.79
2021,2,15,3,19.31,13.79,0,100.57,1.82,129.77
2021,2,15,4,19.19,13.79,0,100.6,1.62,120.77
2021,2,15,5,19.19,13.73,0,100.67,1.39,111.5
2021,2,15,6,20.12,13.85,0,100.76,1.19,104.49
2021,2,15,7,22.92,13.61,0,100.85,1.35,112.85
2021,2,15,8,25.8,13.31,0,100.9,1.02,100.19
2021,2,15,9,28.23,13.06,0,100.92,0.82,52.36
2021,2,15,10,29.83,12.94,0,100.87,0.91,14.87
2021,2,15,11,30.95,12.76,0,100.75,0.95,355.75
2021,2,15,12,31.7,12.57,0,100.61,0.77,345.82
2021,2,15,13,32.07,12.33,0,100.47,0.45,334.32
2021,2,15,14,32.03,12.08,0,100.36,0.11,252.9
2021,2,15,15,31.56,11.96,0,100.31,0.55,166.76
2021,2,15,16,30.58,12.02,0,100.31,1.33,154.94
2021,2,15,17,27.25,14.04,0,100.37,2.31,151.27
2021,2,15,18,24.84,13.24,0,100.46,3.92,152.46
2021,2,15,19,23.58,13.31,0,100.57,5.42,150.11
2021,2,15,20,22.51,13.79,0,100.65,5.39,145.09
2021,2,15,21,21.83,14.04,0,100.7,4.68,140.01
2021,2,15,22,21.35,14.16,0,100.69,3.79,136.25
2021,2,15,23,20.92,14.22,0,100.67,3.09,132.33
2021,2,16,0,20.51,14.22,0,100.62,2.6,129.39
2021,2,16,1,20.14,14.22,0,100.55,2.35,127.71
2021,2,16,2,19.81,14.16,0,100.51,2.2,128.09
2021,2,16,3,19.54,14.16,0,100.5,2.19,129.07
2021,2,16,4,19.31,14.16,0,100.52,2.25,129.5
2021,2,16,5,19.08,14.1,0,100.58,2.29,128.9
2021,2,16,6,20.23,14.16,0,100.67,2.65,127.21
2021,2,16,7,22.93,13.98,0,100.76,3.81,122.25
2021,2,16,8,25.49,13.67,0,100.82,3.39,117.04
2021,2,16,9,28.03,13.43,0,100.84,2.24,101.9
2021,2,16,10,29.83,13.18,0,100.77,1.42,73.36
2021,2,16,11,31.11,12.94,0,100.64,1.13,53.13
2021,2,16,12,31.95,12.76,0,100.49,0.9,53.13
2021,2,16,13,32.43,12.51,0,100.36,0.74,77.86
2021,2,16,14,32.44,12.39,0,100.27,0.95,120.56
2021,2,16,15,31.93,12.39,0,100.24,1.69,142.5
2021,2,16,16,30.58,12.45,0,100.29,2.55,148.55
2021,2,16,17,27.2,13.67,0,100.37,3.38,152.19
2021,2,16,18,24.9,13.31,0,100.48,5.38,152.39
2021,2,16,19,23.39,13.67,0,100.6,5.94,148.34
2021,2,16,20,22.49,14.1,0,100.7,5.44,143.11
2021,2,16,21,21.99,14.34,0,100.76,4.76,141.13
2021,2,16,22,21.65,14.47,0,100.76,4.02,139.5
2021,2,16,23,21.33,14.53,0,100.73,3.42,136.76
2021,2,17,0,21.01,14.59,0,100.69,3.01,132.89
2021,2,17,1,20.66,14.59,0,100.64,2.66,128.45
2021,2,17,2,20.32,14.53,0,100.61,2.49,122.84
2021,2,17,3,19.92,14.4,0,100.61,2.41,116.57
2021,2,17,4,19.48,14.22,0,100.64,2.37,112.93
2021,2,17,5,18.99,13.98,0,100.7,2.32,109.65
2021,2,17,6,19.99,13.85,0,100.79,2.6,106.04
2021,2,17,7,22.67,13.06,0,100.87,3.62,93.59
2021,2,17,8,25.61,11.54,0,100.93,4.43,81.48
2021,2,17,9,28.24,10.56,0,100.93,4.39,80.07
2021,2,17,10,30.27,10.25,0,100.87,3.87,82.46
2021,2,17,11,31.73,10.31,0,100.76,3.45,87.27
2021,2,17,12,32.63,10.38,0,100.64,3.14,92.99
2021,2,17,13,33.03,10.44,0,100.51,2.95,98.84
2021,2,17,14,32.96,10.44,0,100.43,2.91,104.93
2021,2,17,15,32.38,10.56,0,100.39,2.99,111.47
2021,2,17,16,31.33,10.56,0,100.42,2.95,118.13
2021,2,17,17,27.4,13.37,0,100.48,2.78,132.84
2021,2,17,18,24.81,13.12,0,100.58,3.25,141.84
2021,2,17,19,23.86,13.55,0,100.68,3.01,138.69
2021,2,17,20,23.31,13.98,0,100.77,2.43,119.2
2021,2,17,21,22.82,13.92,0,100.83,2.06,84.33
2021,2,17,22,22.02,13.49,0,100.86,2.39,61.25
2021,2,17,23,21.41,12.94,0,100.86,2.62,55.32
2021,2,18,0,20.71,12.51,0,100.83,2.74,55.58
2021,2,18,1,19.9,12.15,0,100.78,2.63,56.4
2021,2,18,2,19.15,11.84,0,100.76,2.41,56.36
2021,2,18,3,18.58,11.6,0,100.76,2.23,55.86
2021,2,18,4,18.36,11.35,0,100.79,1.93,56.69
2021,2,18,5,18.4,11.17,0,100.86,1.53,59.89
2021,2,18,6,19.53,11.54,0,100.96,0.93,64.72
2021,2,18,7,22.6,11.35,0,101.05,2.08,77.21
2021,2,18,8,25.12,11.35,0,101.11,2.82,87.15
2021,2,18,9,27.26,11.35,0,101.13,2.25,102.64
2021,2,18,10,29.12,11.23,0,101.08,1.88,116.35
2021,2,18,11,30.57,11.05,0,100.98,1.75,116.57
2021,2,18,12,31.54,10.93,0,100.86,1.64,112.41
2021,2,18,13,32.06,10.74,0,100.74,1.55,102.84
2021,2,18,14,32.16,10.62,0,100.65,1.59,91.97
2021,2,18,15,31.82,10.56,0,100.61,1.74,83.83
2021,2,18,16,31.08,10.8,0,100.62,1.73,81.18
2021,2,18,17,28.8,12.76,0,100.65,1.38,94.87
2021,2,18,18,26.9,13.12,0,100.71,1.86,109.43
2021,2,18,19,25.55,14.04,0,100.8,2.36,90.95
2021,2,18,20,24.22,13.61,0,100.89,2.91,66.94
2021,2,18,21,23.37,12.94,0,100.96,3.23,51.28
2021,2,18,22,22.45,12.39,0,101.01,3.54,44.28
2021,2,18,23,21.46,12.02,0,101.01,3.49,40.82
2021,2,19,0,20.48,11.84,0,100.96,3.14,35.67
2021,2,19,1,19.68,11.72,0,100.89,2.84,27.34
2021,2,19,2,19.04,11.6,0,100.85,2.58,15.97
2021,2,19,3,18.55,11.54,0,100.83,2.43,5.73
2021,2,19,4,18.15,11.47,0,100.84,2.33,357.12
2021,2,19,5,17.84,11.47,0,100.9,2.33,359.81
2021,2,19,6,19.19,11.72,0,100.96,2.63,9.07
2021,2,19,7,22.54,11.78,0,101.02,3.11,31.33
2021,2,19,8,26.11,11.84,0,101.07,4.2,58.53
2021,2,19,9,28.45,11.9,0,101.08,4.35,64.36
2021,2,19,10,30.28,12.08,0,101.01,4.14,66.67
2021,2,19,11,31.69,12.27,0,100.9,3.91,67.94
2021,2,19,12,32.69,12.33,0,100.77,3.61,68.38
2021,2,19,13,33.21,12.33,0,100.65,3.41,68.08
2021,2,19,14,33.26,12.27,0,100.54,3.35,67.68
2021,2,19,15,32.73,12.21,0,100.5,3.44,67.98
2021,2,19,16,31.73,12.33,0,100.51,3.38,71.4
2021,2,19,17,28.61,14.47,0,100.56,2.79,82.28
2021,2,19,18,26.52,14.1,0,100.64,3.24,88.9
2021,2,19,19,25.32,13.61,0,100.74,3.42,83.44
2021,2,19,20,24.19,13.18,0,100.85,3.58,74.05
2021,2,19,21,23.27,12.76,0,100.92,3.89,67.96
2021,2,19,22,22.2,12.33,0,100.95,3.77,65.24
2021,2,19,23,21.25,11.96,0,100.94,3.52,62.53
2021,2,20,0,20.26,11.78,0,100.89,3.04,60.27
2021,2,20,1,19.38,11.66,0,100.82,2.67,55.47
2021,2,20,2,18.68,11.41,0,100.79,2.34,49.19
2021,2,20,3,18.22,11.23,0,100.78,2.05,42.07
2021,2,20,4,17.96,11.05,0,100.8,1.78,38.78
2021,2,20,5,17.83,10.86,0,100.87,1.47,37.42
2021,2,20,6,18.9,11.23,0,100.96,1.16,33.15
2021,2,20,7,22.23,11.05,0,101.04,2.09,64.49
2021,2,20,8,24.99,11.05,0,101.09,3.06,74.9
2021,2,20,9,27.26,11.05,0,101.08,2.77,76.32
2021,2,20,10,29.21,10.99,0,101,2.32,73.34
2021,2,20,11,30.73,10.8,0,100.87,2,68.45
2021,2,20,12,31.79,10.56,0,100.71,1.81,63.88
2021,2,20,13,32.38,10.38,0,100.58,1.69,61.18
2021,2,20,14,32.51,10.13,0,100.46,1.56,62.54
2021,2,20,15,32.2,10.01,0,100.42,1.37,69.29
2021,2,20,16,31.29,10.5,0,100.44,1.17,91.91
2021,2,20,17,28.44,12.45,0,100.49,1.56,134.59
2021,2,20,18,25.26,12.7,0,100.58,2.72,148.64
2021,2,20,19,23.83,12.76,0,100.68,3,147.68
2021,2,20,20,22.94,13.18,0,100.78,2.75,140.07
2021,2,20,21,22.46,13.43,0,100.83,2.26,116.03
2021,2,20,22,22.02,13.24,0,100.84,1.99,84.6
2021,2,20,23,21.25,12.94,0,100.84,2.23,67.3
2021,2,21,0,20.55,12.51,0,100.81,2.26,63.35
2021,2,21,1,20,12.08,0,100.77,2.06,66.74
2021,2,21,2,19.71,11.66,0,100.75,1.72,73.13
2021,2,21,3,19.43,11.35,0,100.75,1.4,80.01
2021,2,21,4,19.33,11.17,0,100.77,1.08,81.69
2021,2,21,5,19.13,11.11,0,100.83,0.93,77.37
2021,2,21,6,19.53,11.47,0,100.89,1.04,71.57
2021,2,21,7,22.17,11.17,0,100.96,2.03,82.24
2021,2,21,8,24.92,11.23,0,101,1.92,93.97
2021,2,21,9,27.87,10.74,0,101,0.77,61.34
2021,2,21,10,30.07,10.31,0,100.91,1.11,5.63
2021,2,21,11,31.44,10.07,0,100.78,1.35,4.65
2021,2,21,12,32.42,9.89,0,100.63,1.34,9.02
2021,2,21,13,32.94,9.77,0,100.48,1.24,13.08
2021,2,21,14,33.05,9.64,0,100.39,1.07,24.69
2021,2,21,15,32.7,9.58,0,100.35,0.91,56.85
2021,2,21,16,31.69,10.01,0,100.36,1.19,105.58
2021,2,21,17,27.73,12.51,0,100.41,2.24,135.71
2021,2,21,18,24.82,11.72,0,100.48,3.6,143.83
2021,2,21,19,23.8,12.15,0,100.59,5,146.01
2021,2,21,20,22.78,12.94,0,100.68,5.01,144.13
2021,2,21,21,22.05,13.43,0,100.73,4.22,142.6
2021,2,21,22,21.37,13.67,0,100.73,3.15,142.76
2021,2,21,23,20.83,13.85,0,100.7,2.49,143.42
2021,2,22,0,20.42,13.85,0,100.66,2.14,139.44
2021,2,22,1,20.1,13.79,0,100.62,1.85,130.02
2021,2,22,2,19.87,13.61,0,100.59,1.59,115.31
2021,2,22,3,19.55,13.55,0,100.6,1.41,95.71
2021,2,22,4,19.15,13.49,0,100.63,1.36,84.06
2021,2,22,5,18.83,13.37,0,100.7,1.38,86.1
2021,2,22,6,19.81,13.43,0,100.77,1.63,92.48
2021,2,22,7,22.87,12.51,0,100.84,2.66,96.08
2021,2,22,8,26.12,11.54,0,100.89,2.53,99.61
2021,2,22,9,28.64,11.54,0,100.88,1.6,93.37
2021,2,22,10,30.48,11.29,0,100.8,1.12,59.51
2021,2,22,11,31.84,10.99,0,100.68,1.25,27.21
2021,2,22,12,32.86,10.68,0,100.53,1.39,10.99
2021,2,22,13,33.4,10.5,0,100.41,1.35,3.99
2021,2,22,14,33.5,10.31,0,100.33,1.01,6.63
2021,2,22,15,33.19,10.13,0,100.3,0.5,38.66
2021,2,22,16,32.01,10.68,0,100.33,1.02,128.18
2021,2,22,17,28.05,12.76,0,100.41,2.52,146.36
2021,2,22,18,25.23,11.9,0,100.51,4.34,150.11
2021,2,22,19,23.97,12.33,0,100.63,5.96,148.23
2021,2,22,20,22.76,13.24,0,100.73,5.81,143.53
2021,2,22,21,22.08,13.61,0,100.77,5.06,140.83
2021,2,22,22,21.5,13.79,0,100.75,3.88,142.37
2021,2,22,23,20.95,13.85,0,100.72,2.85,144.48
2021,2,23,0,20.48,13.92,0,100.66,2.24,147.53
2021,2,23,1,20.13,13.92,0,100.62,1.98,149.58
2021,2,23,2,19.86,13.92,0,100.6,1.83,147.94
2021,2,23,3,19.7,13.92,0,100.6,1.58,140.23
2021,2,23,4,19.77,13.85,0,100.62,1.2,126.27
2021,2,23,5,19.87,13.79,0,100.67,0.84,103.52
2021,2,23,6,20.61,13.92,0,100.73,0.76,78.11
2021,2,23,7,23.17,13.79,0,100.78,1.1,94.46
2021,2,23,8,26.32,12.94,0,100.8,0.84,62.96
2021,2,23,9,29.12,12.27,0,100.77,1.2,16.31
2021,2,23,10,30.88,12.02,0,100.68,1.69,10.95
2021,2,23,11,32.3,11.84,0,100.54,1.9,15.01
2021,2,23,12,33.35,11.72,0,100.4,1.82,16.96
2021,2,23,13,33.92,11.72,0,100.29,1.59,18.88
2021,2,23,14,34.04,11.72,0,100.21,1.24,25.28
2021,2,23,15,33.68,11.78,0,100.19,0.9,47.12
2021,2,23,16,32.65,12.27,0,100.2,0.93,106.14
2021,2,23,17,29.54,14.77,0,100.25,2,143.76
2021,2,23,18,26.82,13.49,0,100.33,3.69,151.26
2021,2,23,19,25.45,13.18,0,100.44,5.48,150.44
2021,2,23,20,24.08,13.79,0,100.56,5.48,148.64
2021,2,23,21,23.26,14.4,0,100.6,4.67,149.23
2021,2,23,22,22.79,14.65,0,100.6,3.76,149.92
2021,2,23,23,22.37,14.83,0,100.56,2.95,150.18
2021,2,24,0,21.99,15.01,0,100.51,2.41,152.03
2021,2,24,1,21.61,15.08,0,100.46,2.07,154.7
2021,2,24,2,21.25,15.08,0,100.42,1.81,156.64
2021,2,24,3,21.03,15.08,0,100.42,1.51,158.2
2021,2,24,4,21,15.01,0,100.44,1.28,165.45
2021,2,24,5,20.9,15.01,0,100.52,1.26,169.66
2021,2,24,6,21.94,15.14,0,100.6,1.35,160.73
2021,2,24,7,24.33,15.01,0,100.66,1.9,144.54
2021,2,24,8,27.02,14.47,0,100.71,1.09,124.49
2021,2,24,9,29.7,13.79,0,100.7,0.5,349.22
2021,2,24,10,31.58,13.49,0,100.62,1.66,331.02
2021,2,24,11,32.94,13.43,0,100.49,2.26,332.46
2021,2,24,12,33.92,13.37,0,100.36,2.4,331.6
2021,2,24,13,34.46,13.24,0,100.24,2.3,329.6
2021,2,24,14,34.51,13.18,0,100.14,1.96,327.39
2021,2,24,15,34.09,13.12,0,100.1,1.44,323.63
2021,2,24,16,33.15,13.24,0,100.12,0.68,308.45
2021,2,24,17,30.83,15.56,0,100.17,0.91,174.58
2021,2,24,18,28.13,15.62,0,100.25,2.58,162.17
2021,2,24,19,26.7,14.16,0,100.35,4.26,159.94
2021,2,24,20,25.1,14.1,0,100.45,5.27,155.75
2021,2,24,21,23.83,14.34,0,100.51,4.91,153.56
2021,2,24,22,23.11,14.47,0,100.51,4.12,152.66
2021,2,24,23,22.66,14.59,0,100.49,3.35,153.14
2021,2,25,0,22.25,14.71,0,100.43,2.53,152.17
2021,2,25,1,21.87,14.77,0,100.38,1.94,149.71
2021,2,25,2,21.56,14.83,0,100.33,1.66,146.16
2021,2,25,3,21.3,14.83,0,100.33,1.53,140.38
2021,2,25,4,21.08,14.83,0,100.35,1.49,134.58
2021,2,25,5,20.94,14.77,0,100.39,1.42,129.4
2021,2,25,6,21.92,14.95,0,100.45,1.48,126.38
2021,2,25,7,24.44,14.77,0,100.51,1.2,155.77
2021,2,25,8,26.93,14.77,0,100.56,1.08,234.7
2021,2,25,9,29.2,15.08,0,100.57,1.65,274.61
2021,2,25,10,31.4,15.26,0,100.5,2.27,297.27
2021,2,25,11,33.32,15.08,0,100.38,2.87,310.47
2021,2,25,12,34.58,14.83,0,100.24,3.13,316.62
2021,2,25,13,35.17,14.53,0,100.12,3.14,321.36
2021,2,25,14,35.35,14.22,0,100,2.89,324.89
2021,2,25,15,34.91,14.04,0,99.95,2.38,328.03
2021,2,25,16,33.87,14.22,0,99.94,1.57,326.39
2021,2,25,17,31.82,15.93,0,99.98,0.28,248.5
2021,2,25,18,28.8,16.36,0,100.04,2.36,158.2
2021,2,25,19,27.15,15.2,0,100.14,4.36,154.08
2021,2,25,20,25.58,15.2,0,100.26,6.11,151.17
2021,2,25,21,24.18,15.44,0,100.32,5.88,149.69
2021,2,25,22,23.51,15.56,0,100.33,5.08,150.24
2021,2,25,23,23.15,15.56,0,100.3,4.12,149.74
2021,2,26,0,22.79,15.56,0,100.24,3.31,150.17
2021,2,26,1,22.46,15.56,0,100.19,2.74,150.58
2021,2,26,2,22.15,15.62,0,100.17,2.3,147.77
2021,2,26,3,21.89,15.62,0,100.17,2.08,143.39
2021,2,26,4,21.68,15.56,0,100.19,2.01,138
2021,2,26,5,21.5,15.5,0,100.25,2.03,132.35
2021,2,26,6,22.51,15.56,0,100.32,2.77,128.94
2021,2,26,7,24.96,15.5,0,100.38,3.07,137.58
2021,2,26,8,27.59,15.75,0,100.43,2.27,154.32
2021,2,26,9,30,16.05,0,100.44,1.47,172.08
2021,2,26,10,32.07,16.11,0,100.38,0.75,206.03
2021,2,26,11,34.01,15.69,0,100.25,0.86,275.76
2021,2,26,12,35.19,15.26,0,100.1,1.24,291.06
2021,2,26,13,35.72,14.89,0,99.97,1.32,291.55
2021,2,26,14,35.71,14.59,0,99.88,1.18,284.59
2021,2,26,15,35.26,14.28,0,99.84,0.9,267.51
2021,2,26,16,34.24,14.22,0,99.87,0.76,212.38
2021,2,26,17,31.41,16.42,0,99.94,1.72,165.27
2021,2,26,18,28.75,15.81,0,100.03,3.36,158.62
2021,2,26,19,27.34,15.26,0,100.15,5.57,156.09
2021,2,26,20,25.66,15.69,0,100.25,6.12,152.39
2021,2,26,21,24.62,15.99,0,100.29,5.41,150.81
2021,2,26,22,24.02,16.05,0,100.29,4.16,149.63
2021,2,26,23,23.51,16.05,0,100.26,3.23,148.35
2021,2,27,0,23.08,16.05,0,100.23,2.85,146.75
2021,2,27,1,22.69,16.05,0,100.18,2.52,145.08
2021,2,27,2,22.37,16.05,0,100.18,2.31,142.82
2021,2,27,3,22.11,15.99,0,100.2,2.29,140.12
2021,2,27,4,21.96,15.99,0,100.24,2.33,138.67
2021,2,27,5,21.84,15.93,0,100.3,2.28,134.86
2021,2,27,6,22.87,15.99,0,100.37,2.9,130.63
2021,2,27,7,25.28,15.93,0,100.44,3.1,138.16
2021,2,27,8,28.02,15.69,0,100.48,2.72,148.64
2021,2,27,9,30.47,15.5,0,100.5,2.45,146.16
2021,2,27,10,32.34,15.2,0,100.44,2.39,137.92
2021,2,27,11,33.76,14.95,0,100.32,2.4,131.57
2021,2,27,12,34.65,14.65,0,100.19,2.53,128.11
2021,2,27,13,35.11,14.4,0,100.08,2.83,127.47
2021,2,27,14,34.93,14.16,0,99.99,3.3,129.42
2021,2,27,15,34.27,13.85,0,99.97,3.87,132.55
2021,2,27,16,32.68,14.1,0,100.01,4.09,135.31
2021,2,27,17,30.08,14.59,0,100.08,3.86,139.84
2021,2,27,18,28.04,14.28,0,100.17,4.82,142.37
2021,2,27,19,26.61,14.47,0,100.28,5.18,140.26
2021,2,27,20,25.34,14.77,0,100.37,4.55,135.83
2021,2,27,21,24.52,15.01,0,100.4,4.04,131.08
2021,2,27,22,23.97,15.26,0,100.42,3.83,128.88
2021,2,27,23,23.58,15.56,0,100.39,3.81,130.18
2021,2,28,0,23.23,15.93,0,100.36,3.75,134.07
2021,2,28,1,22.94,16.24,0,100.31,3.62,139.29
2021,2,28,2,22.73,16.42,0,100.3,3.31,144.51
2021,2,28,3,22.58,16.6,0,100.32,2.98,148.86
2021,2,28,4,22.47,16.72,0,100.36,2.67,150.36
2021,2,28,5,22.35,16.78,0,100.42,2.46,149.69
2021,2,28,6,23.55,16.97,0,100.48,3.4,146.53
2021,2,28,7,26.22,16.42,0,100.53,4.86,127.04
2021,2,28,8,29.24,15.2,0,100.57,5.51,112.68
2021,2,28,9,31.95,14.16,0,100.57,5.53,105.75
2021,2,28,10,33.85,13.55,0,100.52,5.37,105.77
2021,2,28,11,35.11,13.24,0,100.42,5.37,110.33
2021,2,28,12,35.84,13.18,0,100.3,5.59,115.96
2021,2,28,13,35.75,13.24,0,100.19,5.83,121.03
2021,2,28,14,35.19,13.31,0,100.11,6,125.08
2021,2,28,15,34.32,13.37,0,100.09,5.98,128.05
2021,2,28,16,32.97,13.67,0,100.12,5.82,129.72
2021,2,28,17,30.47,14.22,0,100.19,5.21,134.09
2021,2,28,18,28.41,14.59,0,100.28,5.56,138.36
2021,2,28,19,27.03,15.32,0,100.4,5.6,139.13
2021,2,28,20,26.05,15.99,0,100.49,5.18,138.06
2021,2,28,21,25.49,16.54,0,100.55,4.72,136.21
2021,2,28,22,25.18,16.85,0,100.57,4.36,134.35
2021,2,28,23,24.9,17.03,0,100.55,4.12,133
2021,3,1,0,24.63,17.09,0,100.52,3.98,131.82
2021,3,1,1,24.38,17.09,0,100.49,3.86,129.82
2021,3,1,2,24.14,16.97,0,100.48,3.72,127.06
2021,3,1,3,23.89,16.85,0,100.49,3.59,124.45
2021,3,1,4,23.59,16.72,0,100.53,3.32,122.23
2021,3,1,5,23.27,16.54,0,100.59,2.9,119.53
2021,3,1,6,24.19,16.48,0,100.67,3.69,115.7
2021,3,1,7,26.99,15.81,0,100.76,5.05,110.09
2021,3,1,8,29.92,15.08,0,100.82,5.29,109.21
2021,3,1,9,32.17,14.89,0,100.84,5.1,114.13
2021,3,1,10,33.81,14.83,0,100.8,5.16,120.8
2021,3,1,11,34.92,14.77,0,100.69,5.24,126.51
2021,3,1,12,35.48,14.71,0,100.56,5.31,130.77
2021,3,1,13,35.52,14.71,0,100.46,5.49,134.25
2021,3,1,14,35.1,14.65,0,100.4,5.72,136.99
2021,3,1,15,34.1,14.53,0,100.38,5.87,138.46
2021,3,1,16,32.53,14.53,0,100.43,5.82,138.81
2021,3,1,17,30.26,14.71,0,100.49,5.33,140.24
2021,3,1,18,28.34,15.01,0,100.58,5.42,141.73
2021,3,1,19,27.05,15.56,0,100.68,5.49,139.44
2021,3,1,20,26.35,16.11,0,100.75,5.24,136.81
2021,3,1,21,25.99,16.6,0,100.78,4.66,134.66
2021,3,1,22,25.74,16.91,0,100.77,4.22,132.97
2021,3,1,23,25.43,17.09,0,100.73,3.76,132.14
2021,3,2,0,25.01,17.21,0,100.65,3.09,130.08
2021,3,2,1,24.52,17.33,0,100.59,2.27,123.64
2021,3,2,2,24.14,17.4,0,100.57,1.76,113.83
2021,3,2,3,23.88,17.4,0,100.58,1.56,101.53
2021,3,2,4,23.75,17.33,0,100.6,1.35,93.66
2021,3,2,5,23.66,17.15,0,100.64,1.15,90.39
2021,3,2,6,24.45,17.15,0,100.72,1.36,88.35
2021,3,2,7,27,16.42,0,100.78,2.47,75.88
2021,3,2,8,29.68,15.75,0,100.83,2.94,72.38
2021,3,2,9,31.98,15.32,0,100.85,2.85,76.53
2021,3,2,10,33.72,14.89,0,100.8,2.86,84.66
2021,3,2,11,35.09,14.47,0,100.67,3.14,97.73
2021,3,2,12,35.98,14.1,0,100.53,3.72,109.77
2021,3,2,13,36.23,13.79,0,100.39,4.53,116.3
2021,3,2,14,35.93,13.49,0,100.28,5.42,120
2021,3,2,15,34.84,13.43,0,100.24,6.14,122.15
2021,3,2,16,33.05,13.67,0,100.27,6.37,123.3
2021,3,2,17,30.62,14.04,0,100.34,6.15,126.64
2021,3,2,18,28.61,14.59,0,100.43,5.95,130.32
2021,3,2,19,27.32,15.32,0,100.52,5.56,130.84
2021,3,2,20,26.51,16.05,0,100.58,5.12,130.23
2021,3,2,21,25.94,16.54,0,100.62,4.7,128.05
2021,3,2,22,25.5,16.85,0,100.61,4.31,123.83
2021,3,2,23,25.08,16.91,0,100.58,3.83,119.28
2021,3,3,0,24.65,16.85,0,100.53,3.49,114.9
2021,3,3,1,24.16,16.66,0,100.48,3.18,109.81
2021,3,3,2,23.58,16.54,0,100.46,2.62,108.43
2021,3,3,3,23.09,16.3,0,100.45,2.37,109.45
2021,3,3,4,22.85,16.11,0,100.48,2.07,114.25
2021,3,3,5,22.8,16.05,0,100.54,1.85,122.21
2021,3,3,6,23.7,15.93,0,100.61,2.34,129.59
2021,3,3,7,26.01,14.95,0,100.69,3.57,107.6
2021,3,3,8,28.76,14.34,0,100.74,4.58,96.37
2021,3,3,9,31.46,13.61,0,100.77,4.9,94.21
2021,3,3,10,33.61,12.76,0,100.74,5.08,93.17
2021,3,3,11,35.01,12.27,0,100.64,5.19,93.88
2021,3,3,12,35.61,12.27,0,100.52,5.22,96.36
2021,3,3,13,35.69,12.45,0,100.43,5.22,100.52
2021,3,3,14,35.51,12.7,0,100.34,5.35,105.5
2021,3,3,15,35.05,13.06,0,100.31,5.6,110.58
2021,3,3,16,33.86,13.55,0,100.33,5.56,115.56
2021,3,3,17,31.26,14.34,0,100.39,4.91,125.21
2021,3,3,18,29.19,14.71,0,100.47,5.39,135.47
2021,3,3,19,27.9,15.26,0,100.57,5.97,135.58
2021,3,3,20,26.74,15.87,0,100.65,5.69,132.16
2021,3,3,21,26,16.24,0,100.69,5.1,129.34
2021,3,3,22,25.52,16.48,0,100.71,4.63,126.83
2021,3,3,23,25.06,16.72,0,100.69,4.15,123.87
2021,3,4,0,24.66,16.78,0,100.65,3.87,117.55
2021,3,4,1,24.33,16.6,0,100.59,3.79,111.54
2021,3,4,2,24.01,16.3,0,100.56,3.71,107.9
2021,3,4,3,23.69,15.93,0,100.56,3.59,105.52
2021,3,4,4,23.3,15.56,0,100.59,3.19,103.46
2021,3,4,5,22.9,15.26,0,100.67,2.73,100.38
2021,3,4,6,23.56,15.08,0,100.76,3.37,96.8
2021,3,4,7,26,14.59,0,100.83,4.54,89.51
2021,3,4,8,29.33,13.73,0,100.89,5.2,87.16
2021,3,4,9,32.18,12.82,0,100.9,4.99,85.42
2021,3,4,10,34.31,12.27,0,100.83,4.4,82.66
2021,3,4,11,35.85,11.84,0,100.69,3.99,86.07
2021,3,4,12,36.82,11.72,0,100.55,3.98,94.85
2021,3,4,13,37.26,11.66,0,100.42,4.24,103.42
2021,3,4,14,37.15,11.66,0,100.31,4.63,110.33
2021,3,4,15,36.4,11.84,0,100.26,5.06,115.7
2021,3,4,16,34.81,12.51,0,100.26,5.29,120.54
2021,3,4,17,31.78,13.43,0,100.33,5.03,128.83
2021,3,4,18,29.38,14.1,0,100.43,5.93,136.65
2021,3,4,19,27.81,15.08,0,100.55,6.46,135.44
2021,3,4,20,26.5,15.75,0,100.66,6.24,131.45
2021,3,4,21,25.43,16.17,0,100.71,5.46,131.17
2021,3,4,22,24.52,16.48,0,100.72,4.63,131.03
2021,3,4,23,23.79,16.54,0,100.69,4.14,128.79
2021,3,5,0,23.08,16.54,0,100.66,3.88,125.99
2021,3,5,1,22.38,16.3,0,100.62,3.61,122.62
2021,3,5,2,21.7,16.05,0,100.61,3.23,119.11
2021,3,5,3,21.09,15.75,0,100.62,2.98,115.62
2021,3,5,4,20.6,15.5,0,100.64,2.79,112.4
2021,3,5,5,20.19,15.32,0,100.7,2.67,110.93
2021,3,5,6,21.69,15.14,0,100.76,3.41,110.8
2021,3,5,7,24.97,14.47,0,100.83,4.81,108.08
2021,3,5,8,28.45,13.24,0,100.88,5.19,104.39
2021,3,5,9,31.83,11.41,0,100.87,4.78,100.17
2021,3,5,10,34.36,10.13,0,100.8,4.28,100
2021,3,5,11,35.94,9.34,0,100.68,4.23,106.29
2021,3,5,12,36.81,8.79,0,100.55,4.67,114.81
2021,3,5,13,37.01,8.61,0,100.44,5.39,122.03
2021,3,5,14,36.49,8.67,0,100.36,6.17,127.49
2021,3,5,15,35.19,9.22,0,100.34,6.84,131.67
2021,3,5,16,32.99,10.44,0,100.38,7.31,135
2021,3,5,17,29.8,12.27,0,100.45,7.21,137.11
2021,3,5,18,27.17,13.98,0,100.55,6.76,138.42
2021,3,5,19,25.76,14.89,0,100.66,6.11,137.33
2021,3,5,20,24.88,15.26,0,100.76,5.56,134.32
2021,3,5,21,24.22,15.32,0,100.81,5.05,131.24
2021,3,5,22,23.63,15.38,0,100.82,4.56,128.68
2021,3,5,23,23,15.38,0,100.8,3.97,125.94
2021,3,6,0,22.3,15.44,0,100.76,3.29,122.97
2021,3,6,1,21.6,15.44,0,100.7,2.73,119.13
2021,3,6,2,21.01,15.44,0,100.67,2.41,115.57
2021,3,6,3,20.58,15.38,0,100.66,2.28,112.6
2021,3,6,4,20.29,15.26,0,100.7,2.17,110.27
2021,3,6,5,20.12,15.08,0,100.76,1.97,107.29
2021,3,6,6,21.74,15.01,0,100.83,1.99,100.65
2021,3,6,7,24.9,14.53,0,100.9,3.24,97.07
2021,3,6,8,28.19,13.55,0,100.96,3.68,93.04
2021,3,6,9,31.38,12.51,0,100.97,3.4,86.83
2021,3,6,10,33.73,12.02,0,100.9,2.92,85.08
2021,3,6,11,35.4,11.54,0,100.78,2.68,91.67
2021,3,6,12,36.53,10.99,0,100.63,2.77,103.53
2021,3,6,13,37.01,10.44,0,100.5,3.21,114.63
2021,3,6,14,36.89,10.07,0,100.4,3.82,121.87
2021,3,6,15,36.1,10.01,0,100.34,4.42,126.44
2021,3,6,16,34.38,10.62,0,100.36,4.69,130.61
2021,3,6,17,31.01,11.54,0,100.42,4.6,138.92
2021,3,6,18,28.54,12.45,0,100.5,5.52,144.33
2021,3,6,19,27.01,14.1,0,100.61,5.62,142.11
2021,3,6,20,25.82,15.38,0,100.69,4.85,139.57
2021,3,6,21,24.95,16.11,0,100.72,3.85,135.58
2021,3,6,22,24.26,16.48,0,100.71,3.19,132.42
2021,3,6,23,23.69,16.72,0,100.66,2.88,131.26
2021,3,7,0,23.12,16.85,0,100.6,2.63,130.55
2021,3,7,1,22.55,16.85,0,100.54,2.42,128.31
2021,3,7,2,22.06,16.72,0,100.5,2.4,124.93
2021,3,7,3,21.61,16.54,0,100.5,2.49,122.84
2021,3,7,4,21.15,16.3,0,100.52,2.53,121.48
2021,3,7,5,20.74,16.05,0,100.58,2.49,119.7
2021,3,7,6,22.33,15.81,0,100.67,3.02,116.23
2021,3,7,7,25.5,15.32,0,100.75,4.33,104.84
2021,3,7,8,28.9,14.4,0,100.82,4.69,96.5
2021,3,7,9,32.05,13.18,0,100.84,4.07,89.23
2021,3,7,10,34.55,12.02,0,100.79,3.33,85.56
2021,3,7,11,36.27,11.35,0,100.66,2.91,90.92
2021,3,7,12,37.3,10.8,0,100.52,2.94,102.74
2021,3,7,13,37.69,10.62,0,100.39,3.38,114.9
2021,3,7,14,37.46,10.62,0,100.3,4.12,123.78
2021,3,7,15,36.56,10.93,0,100.26,5.06,129.86
2021,3,7,16,34.74,11.9,0,100.29,5.76,134.4
2021,3,7,17,31.71,13.24,0,100.37,6.24,140.33
2021,3,7,18,29.1,14.71,0,100.49,6.67,142.14
2021,3,7,19,27.46,15.81,0,100.6,6.39,139.22
2021,3,7,20,26.49,16.3,0,100.68,5.55,134.43
2021,3,7,21,25.9,16.48,0,100.72,4.41,126.36
2021,3,7,22,25.3,16.42,0,100.73,3.48,116.79
2021,3,7,23,24.6,16.24,0,100.72,2.76,109.51
2021,3,8,0,23.76,15.99,0,100.68,2.2,106.11
2021,3,8,1,22.97,15.81,0,100.63,1.99,105.51
2021,3,8,2,22.37,15.69,0,100.6,1.79,104.4
2021,3,8,3,22.02,15.56,0,100.61,1.52,98.59
2021,3,8,4,21.82,15.44,0,100.65,1.2,86.26
2021,3,8,5,21.65,15.26,0,100.72,0.91,59.04
2021,3,8,6,22.64,15.26,0,100.81,1.1,23.47
2021,3,8,7,25.9,14.22,0,100.89,2.69,51.6
2021,3,8,8,29.08,13.37,0,100.93,4.02,69.87
2021,3,8,9,31.83,12.88,0,100.93,4.17,78.21
2021,3,8,10,34.01,12.51,0,100.84,4.26,82.84
2021,3,8,11,35.68,12.21,0,100.71,4.39,86.74
2021,3,8,12,36.8,11.78,0,100.55,4.58,92.15
2021,3,8,13,37.37,11.41,0,100.42,4.85,98.99
2021,3,8,14,37.3,11.11,0,100.32,5.27,106.88
2021,3,8,15,36.53,10.99,0,100.28,5.78,113.66
2021,3,8,16,34.95,11.29,0,100.31,5.92,119.3
2021,3,8,17,32.01,12.08,0,100.37,5.43,128.29
2021,3,8,18,29.47,12.88,0,100.46,5.78,134.62
2021,3,8,19,27.98,13.85,0,100.56,5.8,130.19
2021,3,8,20,26.9,14.47,0,100.64,4.93,127.98
2021,3,8,21,26.01,14.77,0,100.69,3.99,125.59
2021,3,8,22,25.35,14.83,0,100.71,3.29,116.69
2021,3,8,23,24.68,14.65,0,100.69,2.6,108.05
2021,3,9,0,24.01,14.47,0,100.64,2.14,99.67
2021,3,9,1,23.47,14.34,0,100.59,1.82,92.7
2021,3,9,2,23.19,14.16,0,100.56,1.54,86.22
2021,3,9,3,23.04,14.04,0,100.57,1.21,76.14
2021,3,9,4,22.78,13.92,0,100.62,1.01,68.77
2021,3,9,5,22.46,13.85,0,100.7,1.02,71.29
2021,3,9,6,23.44,13.85,0,100.81,1.31,74.05
2021,3,9,7,26.4,13.31,0,100.91,2.93,75.15
2021,3,9,8,29.48,12.7,0,100.96,3.44,80.07
2021,3,9,9,32.27,11.96,0,100.95,2.87,82.33
2021,3,9,10,34.21,11.54,0,100.86,2.22,79.05
2021,3,9,11,35.66,11.17,0,100.72,2,79.39
2021,3,9,12,36.69,10.8,0,100.56,2.06,86.08
2021,3,9,13,37.19,10.5,0,100.43,2.27,93.35
2021,3,9,14,37.23,10.25,0,100.32,2.52,100.89
2021,3,9,15,36.69,10.19,0,100.27,2.9,110
2021,3,9,16,35.48,10.44,0,100.28,3.38,118.58
2021,3,9,17,32.17,12.02,0,100.34,3.37,130.3
2021,3,9,18,29.69,12.45,0,100.44,4.58,140.39
2021,3,9,19,28.65,13.61,0,100.55,5.89,135.59
2021,3,9,20,27.43,14.71,0,100.64,5.2,126.7
2021,3,9,21,26.47,15.08,0,100.69,4.1,118.08
2021,3,9,22,25.76,14.95,0,100.71,3.2,104.54
2021,3,9,23,25.06,14.65,0,100.68,2.57,92.09
2021,3,10,0,24.38,14.28,0,100.62,2.29,83.72
2021,3,10,1,23.77,13.98,0,100.58,2.14,80.98
2021,3,10,2,23.17,13.79,0,100.57,2.03,81.81
2021,3,10,3,22.66,13.67,0,100.59,1.95,82.65
2021,3,10,4,22.25,13.55,0,100.63,1.9,83.14
2021,3,10,5,21.98,13.49,0,100.7,1.66,79.96
2021,3,10,6,23.35,13.55,0,100.78,1.68,68.1
2021,3,10,7,26.44,13.37,0,100.85,2.71,62.7
2021,3,10,8,29.67,13.06,0,100.88,3.03,62.38
2021,3,10,9,32.9,12.27,0,100.88,2.57,63.43
2021,3,10,10,35.08,11.84,0,100.79,2.04,66.57
2021,3,10,11,36.55,11.6,0,100.65,1.75,74.16
2021,3,10,12,37.49,11.47,0,100.49,1.66,89.46
2021,3,10,13,37.87,11.35,0,100.35,1.87,107.98
2021,3,10,14,37.7,11.29,0,100.26,2.36,123.64
2021,3,10,15,36.91,11.35,0,100.22,3.14,133.99
2021,3,10,16,35.19,11.9,0,100.24,3.86,138.61
2021,3,10,17,32.62,13.06,0,100.32,4.36,141.92
2021,3,10,18,30.67,13.79,0,100.42,5.5,145.54
2021,3,10,19,29.26,14.89,0,100.54,5.23,140.58
2021,3,10,20,28.26,15.5,0,100.63,4.24,133.21
2021,3,10,21,27.53,15.69,0,100.66,3.24,128.14
2021,3,10,22,26.81,15.75,0,100.66,2.48,120.93
2021,3,10,23,26.26,15.75,0,100.63,2.21,114.21
2021,3,11,0,25.83,15.44,0,100.61,2.22,106.53
2021,3,11,1,25.34,15.26,0,100.58,2.06,103.83
2021,3,11,2,24.85,15.14,0,100.57,1.92,102
2021,3,11,3,24.39,14.95,0,100.59,1.93,96.03
2021,3,11,4,23.96,14.71,0,100.62,1.95,88.39
2021,3,11,5,23.51,14.47,0,100.67,1.84,81.94
2021,3,11,6,24.71,14.34,0,100.73,2.18,72.73
2021,3,11,7,27.72,13.61,0,100.79,3.26,64.78
2021,3,11,8,30.9,13,0,100.82,3.12,65.94
2021,3,11,9,33.42,12.7,0,100.81,2.45,67.86
2021,3,11,10,35.07,12.51,0,100.74,1.87,72.77
2021,3,11,11,36.33,12.27,0,100.61,1.5,84.62
2021,3,11,12,37.33,12.02,0,100.46,1.38,100.8
2021,3,11,13,37.79,11.84,0,100.34,1.65,118.5
2021,3,11,14,37.6,11.72,0,100.26,2.39,130.09
2021,3,11,15,36.81,11.78,0,100.24,3.54,136.97
2021,3,11,16,34.9,12.39,0,100.28,4.87,138.05
2021,3,11,17,32.45,13.37,0,100.37,6.2,137.6
2021,3,11,18,30.26,14.65,0,100.49,6.77,134.3
2021,3,11,19,28.91,15.44,0,100.59,6.29,128.24
2021,3,11,20,28.09,15.75,0,100.65,5.57,121.93
2021,3,11,21,27.49,15.62,0,100.69,4.66,118.46
2021,3,11,22,26.94,15.44,0,100.7,4.05,108.92
2021,3,11,23,26.42,15.14,0,100.7,3.53,98.79
2021,3,12,0,25.76,14.77,0,100.67,2.86,92.19
2021,3,12,1,25.01,14.47,0,100.64,2.37,86.6
2021,3,12,2,24.27,14.22,0,100.64,2.15,82.69
2021,3,12,3,23.55,13.98,0,100.65,1.96,79.9
2021,3,12,4,23.01,13.79,0,100.67,1.72,74.2
2021,3,12,5,22.69,13.73,0,100.71,1.47,63.16
2021,3,12,6,23.85,13.73,0,100.78,1.65,52.1
2021,3,12,7,26.86,13.18,0,100.83,3.32,66.15
2021,3,12,8,29.94,12.51,0,100.88,4,75.07
2021,3,12,9,32.99,11.54,0,100.86,3.6,77.2
2021,3,12,10,35.23,10.99,0,100.78,2.87,74.38
2021,3,12,11,36.77,10.74,0,100.66,2.3,72.18
2021,3,12,12,37.82,10.56,0,100.52,1.93,76.19
2021,3,12,13,38.37,10.44,0,100.4,1.85,89.52
2021,3,12,14,38.4,10.31,0,100.3,2.2,105.67
2021,3,12,15,37.83,10.25,0,100.24,2.99,118.78
2021,3,12,16,36.24,10.62,0,100.26,3.92,128.36
2021,3,12,17,33.34,11.9,0,100.33,4.52,139.07
2021,3,12,18,31.09,12.45,0,100.44,5.65,145.14
2021,3,12,19,29.56,13.49,0,100.56,4.85,140.03
2021,3,12,20,28.67,14.16,0,100.65,3.55,132.5
2021,3,12,21,28.06,14.4,0,100.7,2.66,115.43
2021,3,12,22,27.37,14.47,0,100.72,2.21,95.07
2021,3,12,23,26.6,14.34,0,100.71,2.04,80.97
2021,3,13,0,25.88,14.1,0,100.67,1.9,73.28
2021,3,13,1,25.28,13.92,0,100.63,1.64,69.67
2021,3,13,2,24.81,13.61,0,100.61,1.41,69.56
2021,3,13,3,24.27,13.43,0,100.62,1.27,75.79
2021,3,13,4,23.77,13.24,0,100.65,1.13,83.27
2021,3,13,5,23.54,13.12,0,100.7,0.9,79.96
2021,3,13,6,24.23,13.24,0,100.78,0.89,56.45
2021,3,13,7,26.96,12.27,0,100.84,1.67,61.28
2021,3,13,8,30.14,11.11,0,100.89,1.57,77.96
2021,3,13,9,33.25,10.25,0,100.88,1.31,90
2021,3,13,10,35.21,10.01,0,100.8,1.03,93.04
2021,3,13,11,36.62,9.77,0,100.66,0.76,92.36
2021,3,13,12,37.62,9.46,0,100.5,0.53,90.84
2021,3,13,13,38.1,9.22,0,100.36,0.38,93.58
2021,3,13,14,38.06,9.03,0,100.24,0.44,118.86
2021,3,13,15,37.52,8.97,0,100.19,0.95,138.68
2021,3,13,16,36.26,9.22,0,100.21,1.94,145.16
2021,3,13,17,33.26,10.93,0,100.26,2.88,150.37
2021,3,13,18,30.65,11.6,0,100.36,4.81,156.76
2021,3,13,19,29.15,12.82,0,100.49,5.61,156.29
2021,3,13,20,27.65,14.04,0,100.58,4.15,151.55
2021,3,13,21,26.77,14.77,0,100.62,2.67,149.98
2021,3,13,22,26.23,15.2,0,100.62,1.67,156.2
2021,3,13,23,25.88,15.38,0,100.58,0.97,174.93
2021,3,14,0,25.45,15.38,0,100.54,0.43,218.33
2021,3,14,1,24.92,15.32,0,100.49,0.45,283.07
2021,3,14,2,24.4,15.26,0,100.47,0.65,295.64
2021,3,14,3,23.92,15.26,0,100.47,0.74,294.94
2021,3,14,4,23.4,15.38,0,100.49,0.84,284.04
2021,3,14,5,22.85,15.56,0,100.56,0.99,274.54
2021,3,14,6,23.93,15.75,0,100.63,1.31,276.15
2021,3,14,7,26.73,13.92,0,100.7,0.76,1.18
2021,3,14,8,29.8,12.08,0,100.73,1.2,42.63
2021,3,14,9,32.52,10.99,0,100.7,1.1,21.65
2021,3,14,10,34.59,10.25,0,100.61,1.11,19.33
2021,3,14,11,36.15,9.7,0,100.48,0.82,42.31
2021,3,14,12,37.21,9.34,0,100.33,0.71,101.43
2021,3,14,13,37.69,9.16,0,100.22,1.42,143.07
2021,3,14,14,37.51,9.22,0,100.12,2.53,154.23
2021,3,14,15,36.6,9.46,0,100.09,3.8,157.91
2021,3,14,16,34.8,10.07,0,100.12,5.06,159.66
2021,3,14,17,31.78,11.54,0,100.2,6.18,158.56
2021,3,14,18,28.97,13.37,0,100.31,7.23,154.65
2021,3,14,19,27.17,14.83,0,100.42,6.77,151.01
2021,3,14,20,26.33,15.32,0,100.49,5.59,149.24
2021,3,14,21,25.87,15.44,0,100.53,4.17,148.63
2021,3,14,22,25.38,15.5,0,100.53,2.82,145.61
2021,3,14,23,24.89,15.56,0,100.51,1.87,142.8
2021,3,15,0,24.56,15.5,0,100.47,1.33,140.02
2021,3,15,1,24.47,15.38,0,100.43,0.76,142.07
2021,3,15,2,24.15,15.32,0,100.41,0.41,173.42
2021,3,15,3,23.61,15.26,0,100.43,0.48,214.46
2021,3,15,4,23.08,15.32,0,100.48,0.67,223.58
2021,3,15,5,22.7,15.32,0,100.56,0.73,218.95
2021,3,15,6,23.83,15.38,0,100.64,0.53,197.9
2021,3,15,7,27.06,13.73,0,100.71,0.95,74.7
2021,3,15,8,29.93,12.82,0,100.75,1.07,50.03
2021,3,15,9,32.19,12.45,0,100.72,1.07,41.46
2021,3,15,10,33.9,11.9,0,100.63,1.22,41.63
2021,3,15,11,35.04,11.29,0,100.49,1.24,43.73
2021,3,15,12,35.46,10.74,0,100.33,1.12,47.83
2021,3,15,13,35.48,10.31,0,100.2,0.86,62.51
2021,3,15,14,35.51,10.01,0,100.12,0.73,100.47
2021,3,15,15,35.75,9.77,0,100.09,1.06,137.39
2021,3,15,16,34.8,9.89,0,100.1,1.82,152.45
2021,3,15,17,31.57,11.35,0,100.16,2.72,156.46
2021,3,15,18,28.85,11.72,0,100.26,5.09,157.41
2021,3,15,19,27.01,13.24,0,100.38,6.62,151.08
2021,3,15,20,25.65,14.89,0,100.48,6.43,143.3
2021,3,15,21,25.07,15.62,0,100.53,5.64,140.29
2021,3,15,22,24.74,15.81,0,100.53,4.43,140.22
2021,3,15,23,24.55,15.87,0,100.48,3.52,141.48
2021,3,16,0,24.29,15.93,0,100.43,2.79,144.44
2021,3,16,1,23.85,15.99,0,100.36,2.17,151.13
2021,3,16,2,23.42,16.05,0,100.34,1.82,156.19
2021,3,16,3,23.15,16.05,0,100.34,1.68,157.61
2021,3,16,4,22.93,16.05,0,100.4,1.59,156.21
2021,3,16,5,22.8,15.99,0,100.47,1.55,154.98
2021,3,16,6,23.98,15.93,0,100.56,2.13,150.62
2021,3,16,7,26.37,15.44,0,100.63,2.89,137.19
2021,3,16,8,29.05,14.71,0,100.67,2.64,131.28
2021,3,16,9,31.82,13.92,0,100.65,2,128.35
2021,3,16,10,33.9,13.43,0,100.58,1.41,122.98
2021,3,16,11,35.41,13,0,100.45,0.97,110.77
2021,3,16,12,36.48,12.57,0,100.31,0.69,100.42
2021,3,16,13,37.07,12.15,0,100.17,0.64,100.62
2021,3,16,14,37.13,11.84,0,100.08,0.83,121.15
2021,3,16,15,36.47,11.72,0,100.05,1.42,140.8
2021,3,16,16,34.95,11.96,0,100.07,2.56,148.89
2021,3,16,17,32.48,12.88,0,100.14,4.21,152.48
2021,3,16,18,29.76,13.43,0,100.27,6.49,151.21
2021,3,16,19,27.38,14.34,0,100.41,7.3,146.56
2021,3,16,20,25.82,15.08,0,100.52,6.86,142.54
2021,3,16,21,25.19,15.26,0,100.57,6,139.01
2021,3,16,22,24.87,15.32,0,100.56,5.12,137.23
2021,3,16,23,24.61,15.44,0,100.51,4.26,139.76
2021,3,17,0,24.3,15.56,0,100.45,3.38,146.31
2021,3,17,1,23.98,15.75,0,100.4,2.83,151.31
2021,3,17,2,23.76,15.81,0,100.37,2.56,153.2
2021,3,17,3,23.55,15.87,0,100.36,2.32,154.64
2021,3,17,4,23.37,15.93,0,100.39,2.15,152.32
2021,3,17,5,23.2,15.99,0,100.44,2.03,144.72
2021,3,17,6,24.19,15.93,0,100.52,2.97,137.03
2021,3,17,7,26.35,15.5,0,100.58,3.82,129.85
2021,3,17,8,28.9,14.71,0,100.61,3.42,127.29
2021,3,17,9,31.53,13.67,0,100.6,2.8,125.02
2021,3,17,10,33.82,12.88,0,100.53,2.33,122.52
2021,3,17,11,35.57,12.33,0,100.41,2.13,121.07
2021,3,17,12,36.78,11.72,0,100.27,2.2,125.44
2021,3,17,13,37.38,11.23,0,100.16,2.48,137.17
2021,3,17,14,37.37,10.8,0,100.08,3.1,147.23
2021,3,17,15,36.64,10.5,0,100.04,3.89,151.58
2021,3,17,16,34.99,10.56,0,100.06,4.68,154.29
2021,3,17,17,32.05,11.11,0,100.12,5.4,157.11
2021,3,17,18,28.9,11.78,0,100.24,6.53,155.46
2021,3,17,19,26.68,12.88,0,100.36,6.6,148.45
2021,3,17,20,25.62,14.1,0,100.45,5.99,141.83
2021,3,17,21,25.14,15.08,0,100.5,5.31,135.06
2021,3,17,22,24.84,15.56,0,100.51,4.79,130.97
2021,3,17,23,24.63,15.81,0,100.48,4.34,131.86
2021,3,18,0,24.4,15.99,0,100.42,3.81,135.08
2021,3,18,1,24.26,16.05,0,100.35,3.27,137.23
2021,3,18,2,24.17,16.05,0,100.32,2.88,137.31
2021,3,18,3,24.06,16.05,0,100.3,2.51,135.38
2021,3,18,4,23.8,16.05,0,100.32,2.05,131.6
2021,3,18,5,23.27,16.05,0,100.37,1.76,127.23
2021,3,18,6,24.37,15.87,0,100.42,2.86,125.56
2021,3,18,7,27.02,14.77,0,100.47,4.04,118.55
2021,3,18,8,30.15,13.37,0,100.5,3.9,110.76
2021,3,18,9,33.27,12.15,0,100.49,3.21,103.5
2021,3,18,10,35.33,11.35,0,100.42,2.72,106.19
2021,3,18,11,36.6,10.68,0,100.3,2.65,118.15
2021,3,18,12,37.42,10.31,0,100.18,3.01,131.42
2021,3,18,13,37.65,10.07,0,100.06,3.82,141.82
2021,3,18,14,37.51,10.19,0,100,4.87,147.25
2021,3,18,15,36.5,10.62,0,99.98,5.97,149.31
2021,3,18,16,34.37,11.54,0,100.03,6.91,150.48
2021,3,18,17,31.12,13.18,0,100.13,7.54,150.51
2021,3,18,18,28.28,15.14,0,100.24,7.56,149.12
2021,3,18,19,27,16.17,0,100.33,6.87,144.77
2021,3,18,20,26.59,16.36,0,100.4,6.12,138.78
2021,3,18,21,26.34,16.48,0,100.44,5.53,136.2
2021,3,18,22,26.09,16.6,0,100.43,5.08,136.62
2021,3,18,23,25.86,16.72,0,100.4,4.54,137.79
2021,3,19,0,25.53,16.78,0,100.34,3.75,140.74
2021,3,19,1,25.11,16.85,0,100.3,3.05,144.48
2021,3,19,2,24.77,16.85,0,100.28,2.65,144.01
2021,3,19,3,24.4,16.85,0,100.27,2.12,142.2
2021,3,19,4,24.01,16.78,0,100.28,1.73,141.99
2021,3,19,5,23.69,16.78,0,100.32,1.57,143.3
2021,3,19,6,25.01,16.66,0,100.38,2.1,137.27
2021,3,19,7,27.6,15.99,0,100.44,2.71,116.57
2021,3,19,8,30.26,15.08,0,100.49,2.61,104.37
2021,3,19,9,32.92,14.4,0,100.49,2.23,95.23
2021,3,19,10,35.1,14.1,0,100.41,1.82,93.7
2021,3,19,11,36.84,13.85,0,100.28,1.5,104.47
2021,3,19,12,38.12,13.55,0,100.13,1.43,122.74
2021,3,19,13,38.8,13.24,0,99.99,1.76,140.39
2021,3,19,14,38.85,13,0,99.89,2.53,150.43
2021,3,19,15,37.94,12.88,0,99.84,3.68,154.09
2021,3,19,16,36.1,13.18,0,99.86,4.87,156.07
2021,3,19,17,33.39,13.92,0,99.95,6.32,156.1
2021,3,19,18,30.22,15.08,0,100.1,7.52,152.13
2021,3,19,19,27.84,16.24,0,100.24,7.54,146.49
2021,3,19,20,26.87,16.72,0,100.33,6.72,142.32
2021,3,19,21,26.57,16.97,0,100.38,6.01,139.85
2021,3,19,22,26.45,17.03,0,100.39,5.61,139.57
2021,3,19,23,26.39,17.09,0,100.36,5.15,141.16
2021,3,20,0,26.25,17.15,0,100.3,4.48,144.37
2021,3,20,1,26.06,17.27,0,100.23,3.79,147.13
2021,3,20,2,25.87,17.4,0,100.2,3.17,148.5
2021,3,20,3,25.71,17.46,0,100.19,2.63,148.34
2021,3,20,4,25.51,17.58,0,100.22,2.19,148.3
2021,3,20,5,25.3,17.58,0,100.26,1.92,146.12
2021,3,20,6,26.13,17.52,0,100.32,2.84,138.46
2021,3,20,7,28.21,16.97,0,100.39,3.68,127.58
2021,3,20,8,30.69,16.6,0,100.42,3.76,120.98
2021,3,20,9,32.98,16.3,0,100.39,3.52,116.91
2021,3,20,10,34.53,15.93,0,100.3,3.1,116.05
2021,3,20,11,35.71,15.5,0,100.19,2.62,120.08
2021,3,20,12,36.69,15.08,0,100.06,2.28,128.87
2021,3,20,13,37.16,14.71,0,99.95,2.2,140.77
2021,3,20,14,37.16,14.47,0,99.84,2.38,150.65
2021,3,20,15,36.51,14.28,0,99.79,2.82,155.63
2021,3,20,16,35.19,14.34,0,99.81,3.42,155.72
2021,3,20,17,33.19,14.71,0,99.88,3.92,153.74
2021,3,20,18,31.17,14.95,0,99.99,5.3,149.73
2021,3,20,19,29.43,15.32,0,100.11,6.14,141.41
2021,3,20,20,28.03,15.75,0,100.21,6.12,133.81
2021,3,20,21,27.19,16.05,0,100.26,5.68,129.08
2021,3,20,22,26.72,16.36,0,100.26,5.22,127.83
2021,3,20,23,26.43,16.6,0,100.22,4.8,130.25
2021,3,21,0,26.17,16.78,0,100.18,4.38,134.06
2021,3,21,1,25.97,16.97,0,100.13,3.96,138.36
2021,3,21,2,25.8,17.15,0,100.11,3.68,142.25
2021,3,21,3,25.65,17.27,0,100.13,3.37,145.02
2021,3,21,4,25.51,17.4,0,100.18,2.86,148.39
2021,3,21,5,25.37,17.52,0,100.25,2.37,151.49
2021,3,21,6,26.05,17.46,0,100.34,2.99,146.85
2021,3,21,7,27.9,17.21,0,100.42,3.57,132.7
2021,3,21,8,30.23,16.85,0,100.47,3.39,124.39
2021,3,21,9,32.51,16.6,0,100.47,2.97,120.55
2021,3,21,10,34.27,16.24,0,100.4,2.7,117.16
2021,3,21,11,35.64,15.81,0,100.29,2.69,115.08
2021,3,21,12,36.8,15.32,0,100.15,2.64,117.1
2021,3,21,13,37.31,14.71,0,100.03,2.55,120.33
2021,3,21,14,37.35,14.16,0,99.96,2.51,126.26
2021,3,21,15,36.73,13.85,0,99.92,2.81,138.72
2021,3,21,16,35.33,14.04,0,99.94,3.58,148.22
2021,3,21,17,33.15,14.59,0,100.01,4.92,153.11
2021,3,21,18,30.69,15.38,0,100.14,6.55,150.56
2021,3,21,19,28.63,16.48,0.13,100.29,6.92,143.26
2021,3,21,20,27.41,17.33,0.07,100.38,6.37,138.83
2021,3,21,21,27.09,17.7,0.04,100.4,5.53,136.49
2021,3,21,22,26.94,17.82,0.03,100.38,4.7,134.46
2021,3,21,23,26.66,17.88,0.03,100.35,3.66,131.54
2021,3,22,0,26.23,17.88,0.03,100.32,2.64,123.55
2021,3,22,1,25.79,17.88,0.05,100.32,2.33,110.44
2021,3,22,2,25.32,17.64,0.03,100.33,2.31,100.51
2021,3,22,3,25.1,17.33,0.01,100.32,2.31,98.57
2021,3,22,4,24.78,16.97,0.01,100.32,2.43,105.64
2021,3,22,5,24.07,16.72,0.01,100.35,2.39,112.88
2021,3,22,6,24.87,16.42,0,100.38,3.75,117.53
2021,3,22,7,27.54,15.08,0,100.51,3.92,80.93
2021,3,22,8,30.56,13.98,0,100.64,4.59,49.14
2021,3,22,9,33.25,13.24,0,100.62,4.37,45.22
2021,3,22,10,35.58,12.57,0,100.52,3.98,55.4
2021,3,22,11,37.49,11.96,0,100.4,3.78,68.42
2021,3,22,12,38.85,11.47,0,100.28,3.55,78.84
2021,3,22,13,39.54,11.11,0,100.17,3.36,86.94
2021,3,22,14,39.6,10.93,0,100.09,3.35,91.74
2021,3,22,15,39.08,10.8,0,100.04,3.62,91.98
2021,3,22,16,37.87,11.11,0,100.03,3.98,90.79
2021,3,22,17,35.19,12.51,0,100.1,3.6,94.24
2021,3,22,18,32.87,12.88,0,100.23,4.01,95.03
2021,3,22,19,31.76,13.06,0,100.38,4.69,85.13
2021,3,22,20,30.55,13.31,0,100.53,4.49,75.19
2021,3,22,21,29.38,13.61,0,100.61,3.8,65.6
2021,3,22,22,28.68,13.85,0,100.64,3.61,55.59
2021,3,22,23,28.05,14.04,0,100.62,3.33,47.66
2021,3,23,0,27.56,14.28,0,100.56,3.11,41.13
2021,3,23,1,27.07,14.4,0,100.49,2.95,35.2
2021,3,23,2,26.49,14.4,0,100.44,2.75,30.21
2021,3,23,3,25.83,14.34,0,100.41,2.45,26.89
2021,3,23,4,25.29,14.22,0,100.43,2.12,22.31
2021,3,23,5,24.92,14.16,0,100.5,1.95,16.26
2021,3,23,6,26.33,13.98,0,100.56,2.9,17.7
2021,3,23,7,28.9,13.61,0,100.63,3.8,41.16
2021,3,23,8,31.65,13.49,0,100.65,4.21,55.43
2021,3,23,9,34.33,13.49,0,100.63,4.23,64.05
2021,3,23,10,36.51,13.43,0,100.54,4.38,71.05
2021,3,23,11,38.19,13.37,0,100.42,4.71,77.93
2021,3,23,12,39.04,13.37,0,100.28,5.16,86.09
2021,3,23,13,38.47,13.43,0,100.16,5.79,95.65
2021,3,23,14,37.09,13.73,0,100.11,6.56,105.2
2021,3,23,15,35.31,14.16,0,100.1,7.29,109.13
2021,3,23,16,33.51,14.59,0,100.15,7.51,107.74
2021,3,23,17,31.78,15.08,0,100.24,6.99,106.15
2021,3,23,18,30.4,15.44,0,100.32,6.23,108.34
2021,3,23,19,29.44,15.75,0.01,100.43,5.61,108.86
2021,3,23,20,28.87,15.87,0.01,100.54,4.75,105.25
2021,3,23,21,28.62,15.81,0,100.59,3.36,97.36
2021,3,23,22,28.18,15.93,0,100.6,2.07,85.88
2021,3,23,23,27.8,15.81,0,100.57,1.75,61.49
2021,3,24,0,27.37,15.62,0,100.51,1.68,36.28
2021,3,24,1,26.96,15.44,0,100.43,1.81,18.12
2021,3,24,2,26.55,15.2,0,100.37,2,11.97
2021,3,24,3,26.09,15.01,0,100.33,2.05,11.22
2021,3,24,4,25.55,14.83,0,100.32,1.99,11.09
2021,3,24,5,25.07,14.71,0,100.34,1.84,12.03
2021,3,24,6,26.55,14.65,0,100.4,2.24,23.7
2021,3,24,7,29.14,14.22,0,100.46,3.25,63.43
2021,3,24,8,32.15,13.61,0,100.51,4.09,85.62
2021,3,24,9,34.89,12.88,0,100.48,4.22,97.44
2021,3,24,10,37.04,12.57,0,100.4,4.05,103.39
2021,3,24,11,38.69,12.27,0,100.28,3.78,108.55
2021,3,24,12,39.74,12.02,0,100.14,3.66,115.42
2021,3,24,13,40.2,11.84,0.01,100,3.8,124.02
2021,3,24,14,39.97,11.84,0.01,99.92,4.25,131.95
2021,3,24,15,38.73,12.02,0.01,99.89,4.79,137.05
2021,3,24,16,36.94,12.57,0.01,99.93,5.36,137.24
2021,3,24,17,34.76,13.55,0.01,100.01,5.58,136.59
2021,3,24,18,32.71,14.77,0.01,100.12,5.89,135.21
2021,3,24,19,31.01,15.93,0.08,100.22,5.78,129.13
2021,3,24,20,29.67,16.78,0.06,100.31,5.28,121.46
2021,3,24,21,28.8,16.97,0.04,100.36,5.01,112.25
2021,3,24,22,28.24,16.85,0.02,100.38,4.5,107.99
2021,3,24,23,27.8,16.66,0.02,100.35,3.9,105.57
2021,3,25,0,27.4,16.42,0.01,100.3,3.37,102.17
2021,3,25,1,27.05,16.24,0.01,100.26,2.8,97.38
2021,3,25,2,26.65,16.05,0.01,100.22,2.21,91.42
2021,3,25,3,26.19,15.99,0,100.23,1.84,89.76
2021,3,25,4,25.8,15.99,0,100.26,1.64,86.44
2021,3,25,5,25.45,15.93,0,100.33,1.51,78.69
2021,3,25,6,26.79,15.75,0,100.42,2.19,67.82
2021,3,25,7,29.6,14.95,0,100.5,3.46,68.13
2021,3,25,8,32.64,14.1,0,100.54,3.5,76.18
2021,3,25,9,35.32,13.37,0,100.51,3.26,80.9
2021,3,25,10,37.44,12.88,0,100.43,2.94,85.73
2021,3,25,11,39.04,12.57,0,100.29,2.56,97.54
2021,3,25,12,40.05,12.51,0,100.14,2.68,116.49
2021,3,25,13,40.26,12.51,0,100.01,3.41,132.4
2021,3,25,14,38.77,12.76,0.01,99.93,4.63,141.64
2021,3,25,15,36.8,13.37,0.01,99.94,5.89,144.77
2021,3,25,16,34.83,14.1,0.01,100.01,6.58,144.08
2021,3,25,17,33.06,14.71,0.01,100.09,6.62,142.29
2021,3,25,18,31.42,15.38,0,100.19,6.26,142.2
2021,3,25,19,30.19,16.05,0,100.26,5.91,137.95
2021,3,25,20,29.33,16.48,0,100.33,5.23,132.22
2021,3,25,21,28.76,16.72,0,100.37,4.39,126.38
2021,3,25,22,28.28,16.78,0,100.37,3.79,120.05
2021,3,25,23,27.85,16.72,0,100.34,3.32,113.85
2021,3,26,0,27.42,16.6,0,100.29,3.13,109.11
2021,3,26,1,27.01,16.42,0,100.23,3.16,107.27
2021,3,26,2,26.56,16.24,0,100.2,3.12,106.16
2021,3,26,3,26.11,16.11,0,100.2,3.01,103.5
2021,3,26,4,25.7,15.93,0,100.22,2.78,99.7
2021,3,26,5,25.29,15.81,0,100.29,2.45,95.49
2021,3,26,6,26.19,15.69,0,100.38,3.45,89.22
2021,3,26,7,28.85,15.14,0,100.47,4.9,83.87
2021,3,26,8,32,14.22,0,100.52,5.18,85.33
2021,3,26,9,34.8,13.49,0,100.5,4.81,89.35
2021,3,26,10,37.03,13.06,0,100.42,4.44,94.44
2021,3,26,11,38.63,12.76,0,100.3,4.27,100.75
2021,3,26,12,39.59,12.57,0,100.15,4.39,109.66
2021,3,26,13,39.72,12.57,0,100.02,4.96,119.51
2021,3,26,14,39.26,12.82,0.01,99.94,5.97,127.56
2021,3,26,15,37.39,13.37,0.01,99.94,7.17,132
2021,3,26,16,35.02,14.28,0.01,100.01,8.16,132.83
2021,3,26,17,32.52,15.2,0,100.11,8.34,131.54
2021,3,26,18,30.55,15.87,0,100.21,7.8,130.37
2021,3,26,19,29.49,16.3,0,100.3,6.91,128.26
2021,3,26,20,28.85,16.48,0,100.36,6.14,125.11
2021,3,26,21,28.35,16.54,0,100.39,5.44,121.43
2021,3,26,22,27.92,16.54,0,100.38,4.92,119.58
2021,3,26,23,27.52,16.48,0,100.34,4.5,117.5
2021,3,27,0,27.11,16.42,0,100.28,4.07,115.34
2021,3,27,1,26.73,16.3,0,100.22,3.77,111.51
2021,3,27,2,26.35,16.17,0,100.19,3.45,108.07
2021,3,27,3,26.01,16.05,0,100.19,3.17,106.16
2021,3,27,4,25.68,15.99,0,100.22,2.72,106.19
2021,3,27,5,25.33,16.05,0,100.27,2.18,108.37
2021,3,27,6,26.44,15.99,0,100.35,3.05,107.92
2021,3,27,7,29.5,15.2,0,100.43,4,97.86
2021,3,27,8,32.75,14.4,0,100.48,3.83,97.96
2021,3,27,9,35.08,14.28,0,100.47,3.4,103.01
2021,3,27,10,36.66,14.34,0,100.4,3.46,111.71
2021,3,27,11,37.76,14.22,0,100.3,3.84,121.42
2021,3,27,12,38.29,14.1,0,100.16,4.42,129.83
2021,3,27,13,38.01,14.1,0,100.04,5.19,135.61
2021,3,27,14,37.36,14.22,0,99.96,6,138.06
2021,3,27,15,36.43,14.4,0,99.92,6.72,137.4
2021,3,27,16,34.87,14.77,0,99.94,7.13,135.04
2021,3,27,17,32.82,15.26,0,100,7.12,134.11
2021,3,27,18,30.8,15.87,0,100.09,6.69,135.05
2021,3,27,19,29.44,16.36,0,100.19,6.59,134.71
2021,3,27,20,28.37,16.66,0,100.27,6.25,134.09
2021,3,27,21,27.75,16.85,0,100.32,5.98,133.04
2021,3,27,22,27.36,16.97,0,100.34,5.78,131.88
2021,3,27,23,27.08,17.03,0,100.31,5.48,132.4
2021,3,28,0,26.8,17.03,0,100.25,5.16,133.1
2021,3,28,1,26.54,17.03,0,100.19,4.92,133.26
2021,3,28,2,26.26,17.03,0,100.16,4.63,132.61
2021,3,28,3,25.92,17.03,0,100.16,4.36,131.15
2021,3,28,4,25.51,17.03,0,100.21,3.82,131.52
2021,3,28,5,25.01,17.03,0,100.27,2.95,132.74
2021,3,28,6,25.88,16.85,0,100.35,3.59,129.61
2021,3,28,7,28.58,15.44,0,100.41,4.3,120.66
2021,3,28,8,31.76,13.55,0,100.45,4.19,118.24
2021,3,28,9,34.54,12.63,0,100.44,3.85,120.21
2021,3,28,10,36.65,12.33,0,100.36,3.65,124
2021,3,28,11,38.23,11.96,0,100.24,3.72,127.57
2021,3,28,12,39.21,11.6,0,100.1,4.07,132.2
2021,3,28,13,39.5,11.35,0,99.99,4.6,136.93
2021,3,28,14,39.12,11.29,0,99.92,5.22,140.64
2021,3,28,15,37.98,11.41,0,99.9,5.88,143.31
2021,3,28,16,36.05,11.84,0,99.94,6.43,145.54
2021,3,28,17,33.24,12.76,0,100,6.9,148.18
2021,3,28,18,30.2,14.22,0,100.11,7.15,149.73
2021,3,28,19,28.26,15.81,0,100.22,6.8,147.33
2021,3,28,20,27.35,16.78,0,100.3,6.03,141.57
2021,3,28,21,26.81,17.27,0,100.37,5.61,136.52
2021,3,28,22,26.43,17.52,0,100.4,5.33,135.42
2021,3,28,23,26.12,17.64,0,100.38,4.91,137.19
2021,3,29,0,25.84,17.76,0,100.31,4.48,139.03
2021,3,29,1,25.62,17.82,0,100.24,3.98,140.81
2021,3,29,2,25.44,17.82,0,100.19,3.32,142.94
2021,3,29,3,25.23,17.82,0,100.16,2.63,145.41
2021,3,29,4,25.18,17.88,0,100.19,2.36,148.42
2021,3,29,5,25.1,17.88,0,100.27,2.14,147.82
2021,3,29,6,26.16,17.76,0,100.35,2.97,141.62
2021,3,29,7,28.53,17.21,0,100.42,3.42,132.22
2021,3,29,8,31.23,16.72,0,100.46,3.16,129.39
2021,3,29,9,33.9,16.24,0,100.43,2.7,129.83
2021,3,29,10,36,15.81,0,100.35,2.4,130.9
2021,3,29,11,37.66,15.14,0,100.22,2.34,136.08
2021,3,29,12,38.81,14.34,0,100.05,2.58,144.38
2021,3,29,13,39.19,13.73,0,99.9,3.13,150.24
2021,3,29,14,39.08,13.24,0,99.81,3.98,152.88
2021,3,29,15,38.12,13.12,0,99.78,5.02,153.59
2021,3,29,16,36.21,13.37,0,99.81,6,154.14
2021,3,29,17,33.31,14.04,0,99.89,6.96,154.1
2021,3,29,18,30.15,15.08,0,100,7.62,152.54
2021,3,29,19,28.02,15.81,0,100.09,7.16,150.36
2021,3,29,20,27.03,16.11,0,100.15,6.06,146.04
2021,3,29,21,26.64,16.24,0,100.2,5.3,142.18
2021,3,29,22,26.35,16.36,0,100.22,4.84,144.39
2021,3,29,23,26.03,16.54,0,100.2,4.45,150.69
2021,3,30,0,25.8,16.6,0,100.16,4.19,158.56
2021,3,30,1,25.62,16.54,0,100.11,3.81,167.45
2021,3,30,2,25.54,16.48,0,100.09,3.42,174.35
2021,3,30,3,25.46,16.42,0,100.09,2.95,176.81
2021,3,30,4,25.37,16.48,0,100.13,2.39,174.57
2021,3,30,5,25.09,16.54,0,100.19,1.6,171.55
2021,3,30,6,26.11,16.48,0,100.25,2.09,174.84
2021,3,30,7,28.21,15.93,0,100.31,1.96,182.96
2021,3,30,8,30.96,14.77,0,100.35,1.72,192.9
2021,3,30,9,33.59,14.47,0,100.34,1.53,198.71
2021,3,30,10,35.66,14.53,0,100.27,1.42,196.64
2021,3,30,11,37.14,14.47,0,100.15,1.48,190.36
2021,3,30,12,38.07,14.16,0,100.02,1.78,184.53
2021,3,30,13,38.36,13.85,0,99.88,2.26,181.78
2021,3,30,14,38.05,13.61,0,99.78,2.78,179.52
2021,3,30,15,36.96,13.61,0,99.74,3.59,174.88
2021,3,30,16,35.56,13.92,0,99.75,4.44,171.1
2021,3,30,17,33.51,14.47,0,99.8,5.14,167
2021,3,30,18,31.33,15.2,0,99.89,5.94,162.3
2021,3,30,19,29.69,15.81,0,100,6.46,160.49
2021,3,30,20,28.4,16.17,0,100.09,6.02,160.98
2021,3,30,21,27.48,16.42,0,100.15,5.31,161.99
2021,3,30,22,26.96,16.54,0,100.18,4.83,162.59
2021,3,30,23,26.58,16.54,0,100.17,4.45,162.33
2021,3,31,0,26.27,16.6,0,100.11,4,161.21
2021,3,31,1,25.98,16.72,0,100.05,3.52,157.82
2021,3,31,2,25.8,16.91,0,100,3.29,152.89
2021,3,31,3,25.69,16.97,0,100,3.14,148.64
2021,3,31,4,25.59,17.09,0,100.04,2.87,146.44
2021,3,31,5,25.47,17.21,0,100.1,2.43,147.08
2021,3,31,6,26.26,17.21,0,100.17,2.91,155.22
2021,3,31,7,28.67,16.3,0,100.25,2.84,175.59
2021,3,31,8,31.79,15.38,0,100.3,2.56,195.95
2021,3,31,9,34.42,14.95,0,100.29,2.06,197.2
2021,3,31,10,36.62,14.59,0,100.2,1.69,183.44
2021,3,31,11,38.21,14.22,0,100.08,1.76,171.08
2021,3,31,12,39.3,13.85,0,99.93,2.06,167.97
2021,3,31,13,39.83,13.49,0,99.79,2.54,167.93
2021,3,31,14,39.68,13.18,0,99.68,3.15,167.1
2021,3,31,15,38.83,13.06,0,99.63,3.88,164.7
2021,3,31,16,37.26,13.06,0,99.65,4.7,162.59
2021,3,31,17,34.91,13.43,0,99.71,5.64,159.3
2021,3,31,18,32.32,14.1,0,99.81,6.56,156.03
2021,3,31,19,30.33,14.77,0,99.9,6.77,156.19
2021,3,31,20,28.87,15.26,0,99.98,5.99,159.37
2021,3,31,21,27.94,15.69,0,100.04,4.95,164.25
2021,3,31,22,27.36,16.05,0,100.08,4.22,166.07
2021,3,31,23,26.93,16.48,0,100.09,3.81,164.17
